problem_name,seed,optimizer,batch,learning_rate,architecture,epochs_ran,best_epoch,stop_reason,test_metric
classification,42,sgd,16,0.1,A1,100,99,max_epochs,0.019918244396959568
classification,42,sgd,64,0.1,A1,100,100,max_epochs,0.04958895538824092
classification,42,sgd,16,0.001,A1,100,100,max_epochs,0.6623361060176687
classification,42,sgd,64,0.001,A1,100,99,max_epochs,0.684614134044881
classification,42,momentum,16,0.1,A1,100,96,max_epochs,0.020126353269136636
classification,42,momentum,64,0.1,A1,100,100,max_epochs,0.04979880658481647
classification,42,momentum,16,0.001,A1,100,100,max_epochs,0.6624197422197733
classification,42,momentum,64,0.001,A1,100,99,max_epochs,0.6846605887655741
classification,42,adabelief,16,0.1,A1,82,72,early_stopping,0.0001590156576081794
classification,42,adabelief,64,0.1,A1,83,73,early_stopping,0.0007475083909486954
classification,42,adabelief,16,0.001,A1,100,96,max_epochs,0.01672279400125015
classification,42,adabelief,64,0.001,A1,100,100,max_epochs,0.02986077028921304
classification,42,muon,16,0.1,A1,30,13,early_stopping,0.004031693610932065
classification,42,muon,64,0.1,A1,53,43,early_stopping,0.0007634991800400808
classification,42,muon,16,0.001,A1,100,100,max_epochs,0.04126799906059011
classification,42,muon,64,0.001,A1,100,100,max_epochs,0.43815360556320465
classification,42,sgd,16,0.1,A2,62,52,early_stopping,0.005262288740450309
classification,42,sgd,64,0.1,A2,100,99,max_epochs,0.006685647202110718
classification,42,sgd,16,0.001,A2,100,100,max_epochs,0.69001932467359
classification,42,sgd,64,0.001,A2,100,95,max_epochs,0.6933058386885667
classification,42,momentum,16,0.1,A2,80,70,early_stopping,0.005144109825934136
classification,42,momentum,64,0.1,A2,61,51,early_stopping,0.011555018915989583
classification,42,momentum,16,0.001,A2,100,100,max_epochs,0.6900298997066304
classification,42,momentum,64,0.001,A2,100,96,max_epochs,0.6933026226328068
classification,42,adabelief,16,0.1,A2,30,5,early_stopping,0.12687694944667297
classification,42,adabelief,64,0.1,A2,30,14,early_stopping,0.007270353678007753
classification,42,adabelief,16,0.001,A2,52,42,early_stopping,0.004167268231349725
classification,42,adabelief,64,0.001,A2,94,84,early_stopping,0.004896349045612619
classification,42,muon,16,0.1,A2,30,1,early_stopping,0.2418051603242631
classification,42,muon,64,0.1,A2,30,5,early_stopping,0.009682598135956708
classification,42,muon,16,0.001,A2,100,97,max_epochs,0.001425688989895485
classification,42,muon,64,0.001,A2,100,100,max_epochs,0.042520123924187386
classification,42,sgd,16,0.1,A2-bias,74,64,early_stopping,0.00042131892735469613
classification,42,sgd,64,0.1,A2-bias,100,99,max_epochs,0.00167497732984929
classification,42,sgd,16,0.001,A2-bias,100,100,max_epochs,0.6787615694767729
classification,42,sgd,64,0.001,A2-bias,100,100,max_epochs,0.6889561727158021
classification,42,momentum,16,0.1,A2-bias,68,58,early_stopping,0.0005040093014739658
classification,42,momentum,64,0.1,A2-bias,100,100,max_epochs,0.0017331296374069008
classification,42,momentum,16,0.001,A2-bias,100,100,max_epochs,0.6788232507267983
classification,42,momentum,64,0.001,A2-bias,100,99,max_epochs,0.6890239002768045
classification,42,adabelief,16,0.1,A2-bias,30,6,early_stopping,0.0003084574882573678
classification,42,adabelief,64,0.1,A2-bias,30,16,early_stopping,5.518213870745621e-05
classification,42,adabelief,16,0.001,A2-bias,51,41,early_stopping,0.00017049849476324314
classification,42,adabelief,64,0.001,A2-bias,70,60,early_stopping,0.0003333528583956012
classification,42,muon,16,0.1,A2-bias,30,2,early_stopping,0.04734758982748944
classification,42,muon,64,0.1,A2-bias,30,16,early_stopping,0.20480581499639772
classification,42,muon,16,0.001,A2-bias,76,66,early_stopping,0.00014567490063053758
classification,42,muon,64,0.001,A2-bias,100,100,max_epochs,0.03198139500374795
classification,42,sgd,16,0.1,A2-he,77,67,early_stopping,0.005302069452378289
classification,42,sgd,64,0.1,A2-he,71,61,early_stopping,0.0071072829685893055
classification,42,sgd,16,0.001,A2-he,100,100,max_epochs,0.06577131190224944
classification,42,sgd,64,0.001,A2-he,100,100,max_epochs,0.23312229572077978
classification,42,momentum,16,0.1,A2-he,100,98,max_epochs,0.0036741415794862256
classification,42,momentum,64,0.1,A2-he,100,100,max_epochs,0.006264166450185012
classification,42,momentum,16,0.001,A2-he,100,100,max_epochs,0.06596492499517705
classification,42,momentum,64,0.001,A2-he,100,100,max_epochs,0.23485617549232266
classification,42,adabelief,16,0.1,A2-he,30,3,early_stopping,0.02486448568705349
classification,42,adabelief,64,0.1,A2-he,32,22,early_stopping,0.00918307390352346
classification,42,adabelief,16,0.001,A2-he,100,91,max_epochs,0.0013077084937114767
classification,42,adabelief,64,0.001,A2-he,100,100,max_epochs,0.0042762318860161165
classification,42,muon,16,0.1,A2-he,30,1,early_stopping,0.06523198129878821
classification,42,muon,64,0.1,A2-he,30,1,early_stopping,0.010898422379392921
classification,42,muon,16,0.001,A2-he,69,59,early_stopping,0.001603126578870047
classification,42,muon,64,0.001,A2-he,100,100,max_epochs,0.003390192956157839
classification,42,sgd,16,0.1,A2-bias-he,73,63,early_stopping,0.00040696807566647597
classification,42,sgd,64,0.1,A2-bias-he,100,96,max_epochs,0.001280116682269523
classification,42,sgd,16,0.001,A2-bias-he,100,100,max_epochs,0.05774708982777922
classification,42,sgd,64,0.001,A2-bias-he,100,100,max_epochs,0.21946395600601787
classification,42,momentum,16,0.1,A2-bias-he,73,63,early_stopping,0.00041763483943714534
classification,42,momentum,64,0.1,A2-bias-he,100,97,max_epochs,0.0012277109877223014
classification,42,momentum,16,0.001,A2-bias-he,100,100,max_epochs,0.05790446017805195
classification,42,momentum,64,0.001,A2-bias-he,100,100,max_epochs,0.2211416299040103
classification,42,adabelief,16,0.1,A2-bias-he,30,7,early_stopping,0.00010177953566469629
classification,42,adabelief,64,0.1,A2-bias-he,30,18,early_stopping,6.2341186718584355e-06
classification,42,adabelief,16,0.001,A2-bias-he,72,62,early_stopping,0.00011975516927287963
classification,42,adabelief,64,0.001,A2-bias-he,100,92,max_epochs,0.00028456772932721245
classification,42,muon,16,0.1,A2-bias-he,30,3,early_stopping,0.5117985661401877
classification,42,muon,64,0.1,A2-bias-he,30,4,early_stopping,0.09758953652558017
classification,42,muon,16,0.001,A2-bias-he,54,44,early_stopping,3.12715178397127e-05
classification,42,muon,64,0.001,A2-bias-he,100,100,max_epochs,0.00020792521078690093
classification,42,sgd,16,0.1,A2-bn,50,40,early_stopping,0.0021204020467362372
classification,42,sgd,64,0.1,A2-bn,72,62,early_stopping,0.003734797186573163
classification,42,sgd,16,0.001,A2-bn,100,97,max_epochs,0.03974960885694857
classification,42,sgd,64,0.001,A2-bn,100,100,max_epochs,0.1664319200023849
classification,42,momentum,16,0.1,A2-bn,31,21,early_stopping,0.0032491973425123667
classification,42,momentum,64,0.1,A2-bn,73,63,early_stopping,0.0016963477089322397
classification,42,momentum,16,0.001,A2-bn,100,97,max_epochs,0.03976950852917995
classification,42,momentum,64,0.001,A2-bn,100,100,max_epochs,0.16837362182185953
classification,42,adabelief,16,0.1,A2-bn,47,37,early_stopping,0.0011581173819700562
classification,42,adabelief,64,0.1,A2-bn,30,6,early_stopping,0.0006138225128730823
classification,42,adabelief,16,0.001,A2-bn,34,24,early_stopping,0.00212816848402477
classification,42,adabelief,64,0.001,A2-bn,73,63,early_stopping,0.0007187199703849972
classification,42,muon,16,0.1,A2-bn,36,26,early_stopping,0.001079844960346557
classification,42,muon,64,0.1,A2-bn,30,14,early_stopping,8.489063124187608e-05
classification,42,muon,16,0.001,A2-bn,46,36,early_stopping,0.001395145061810219
classification,42,muon,64,0.001,A2-bn,100,92,max_epochs,0.00042772156644419005
classification,42,sgd,16,0.1,A1-dropout,100,99,max_epochs,0.01868187024992037
classification,42,sgd,64,0.1,A1-dropout,100,100,max_epochs,0.05027677647733753
classification,42,sgd,16,0.001,A1-dropout,100,100,max_epochs,0.6643254880267618
classification,42,sgd,64,0.001,A1-dropout,100,99,max_epochs,0.684687635156492
classification,42,momentum,16,0.1,A1-dropout,100,98,max_epochs,0.018759267564923188
classification,42,momentum,64,0.1,A1-dropout,100,100,max_epochs,0.050646595960224146
classification,42,momentum,16,0.001,A1-dropout,100,100,max_epochs,0.664387090237511
classification,42,momentum,64,0.001,A1-dropout,100,99,max_epochs,0.6847344840036987
classification,42,adabelief,16,0.1,A1-dropout,42,32,early_stopping,0.0032222398101747485
classification,42,adabelief,64,0.1,A1-dropout,46,36,early_stopping,0.0040592483562901975
classification,42,adabelief,16,0.001,A1-dropout,100,98,max_epochs,0.018177426343014808
classification,42,adabelief,64,0.001,A1-dropout,100,100,max_epochs,0.03244214792320296
classification,42,muon,16,0.1,A1-dropout,50,40,early_stopping,0.00534738281984008
classification,42,muon,64,0.1,A1-dropout,34,24,early_stopping,0.004214851523926794
classification,42,muon,16,0.001,A1-dropout,100,100,max_epochs,0.04868951708832593
classification,42,muon,64,0.001,A1-dropout,100,100,max_epochs,0.4438815219007605
classification,42,sgd,16,0.1,A2-bn-dropout,73,63,early_stopping,0.0030253996616290708
classification,42,sgd,64,0.1,A2-bn-dropout,68,58,early_stopping,0.0017637805699318556
classification,42,sgd,16,0.001,A2-bn-dropout,100,99,max_epochs,0.05841480838116594
classification,42,sgd,64,0.001,A2-bn-dropout,100,100,max_epochs,0.2664204670808119
classification,42,momentum,16,0.1,A2-bn-dropout,34,24,early_stopping,0.006428328625711858
classification,42,momentum,64,0.1,A2-bn-dropout,57,47,early_stopping,0.0022628557369754622
classification,42,momentum,16,0.001,A2-bn-dropout,100,99,max_epochs,0.05910951377573463
classification,42,momentum,64,0.001,A2-bn-dropout,100,100,max_epochs,0.2693124410010622
classification,42,adabelief,16,0.1,A2-bn-dropout,31,21,early_stopping,0.0006629055551875956
classification,42,adabelief,64,0.1,A2-bn-dropout,32,22,early_stopping,0.0008236991023466423
classification,42,adabelief,16,0.001,A2-bn-dropout,36,26,early_stopping,0.0043703010696237434
classification,42,adabelief,64,0.001,A2-bn-dropout,57,47,early_stopping,0.0011895583429093084
classification,42,muon,16,0.1,A2-bn-dropout,30,15,early_stopping,0.005667013516300916
classification,42,muon,64,0.1,A2-bn-dropout,46,36,early_stopping,8.263936605085767e-05
classification,42,muon,16,0.001,A2-bn-dropout,61,51,early_stopping,0.0017881697108964685
classification,42,muon,64,0.001,A2-bn-dropout,97,87,early_stopping,0.00094115768684335
classification,42,sgd,16,0.1,A2-clip,62,52,early_stopping,0.005262288740450309
classification,42,sgd,64,0.1,A2-clip,100,99,max_epochs,0.006685647202110718
classification,42,sgd,16,0.001,A2-clip,100,100,max_epochs,0.69001932467359
classification,42,sgd,64,0.001,A2-clip,100,95,max_epochs,0.6933058386885667
classification,42,momentum,16,0.1,A2-clip,80,70,early_stopping,0.005144109825934136
classification,42,momentum,64,0.1,A2-clip,61,51,early_stopping,0.011555018915989583
classification,42,momentum,16,0.001,A2-clip,100,100,max_epochs,0.6900298997066304
classification,42,momentum,64,0.001,A2-clip,100,96,max_epochs,0.6933026226328068
classification,42,adabelief,16,0.1,A2-clip,30,6,early_stopping,0.041962153277689124
classification,42,adabelief,64,0.1,A2-clip,30,14,early_stopping,0.007270353678007753
classification,42,adabelief,16,0.001,A2-clip,52,42,early_stopping,0.004167268231349725
classification,42,adabelief,64,0.001,A2-clip,94,84,early_stopping,0.004896349045612619
classification,42,muon,16,0.1,A2-clip,30,1,early_stopping,0.2418051603242631
classification,42,muon,64,0.1,A2-clip,30,5,early_stopping,0.009682598135956708
classification,42,muon,16,0.001,A2-clip,100,97,max_epochs,0.001425688989895485
classification,42,muon,64,0.001,A2-clip,100,100,max_epochs,0.042520123924187386
classification,43,sgd,16,0.1,A1,100,98,max_epochs,0.008381710884754558
classification,43,sgd,64,0.1,A1,100,100,max_epochs,0.030645430053968217
classification,43,sgd,16,0.001,A1,100,100,max_epochs,0.6583560064468529
classification,43,sgd,64,0.001,A1,100,99,max_epochs,0.686743967494007
classification,43,momentum,16,0.1,A1,100,100,max_epochs,0.008336207888005001
classification,43,momentum,64,0.1,A1,100,100,max_epochs,0.030841502619176918
classification,43,momentum,16,0.001,A1,100,100,max_epochs,0.6584578093288247
classification,43,momentum,64,0.001,A1,100,100,max_epochs,0.686709284492956
classification,43,adabelief,16,0.1,A1,49,39,early_stopping,0.00014761600733300884
classification,43,adabelief,64,0.1,A1,59,49,early_stopping,0.0014463369389898083
classification,43,adabelief,16,0.001,A1,100,99,max_epochs,0.006320493896704062
classification,43,adabelief,64,0.001,A1,100,100,max_epochs,0.013540564457973156
classification,43,muon,16,0.1,A1,42,32,early_stopping,0.00022489786809287213
classification,43,muon,64,0.1,A1,39,29,early_stopping,0.00010392965910160316
classification,43,muon,16,0.001,A1,100,100,max_epochs,0.02547392753378909
classification,43,muon,64,0.001,A1,100,100,max_epochs,0.43007970939202483
classification,43,sgd,16,0.1,A2,55,45,early_stopping,0.0019370222548081028
classification,43,sgd,64,0.1,A2,100,98,max_epochs,0.0028700213210236703
classification,43,sgd,16,0.001,A2,100,100,max_epochs,0.6814663636820715
classification,43,sgd,64,0.001,A2,100,96,max_epochs,0.6897643810214412
classification,43,momentum,16,0.1,A2,67,57,early_stopping,0.0017299980812678886
classification,43,momentum,64,0.1,A2,100,99,max_epochs,0.002838830274057417
classification,43,momentum,16,0.001,A2,100,100,max_epochs,0.6815087339818005
classification,43,momentum,64,0.001,A2,100,96,max_epochs,0.6897806834004094
classification,43,adabelief,16,0.1,A2,30,3,early_stopping,0.0005951818441654468
classification,43,adabelief,64,0.1,A2,30,7,early_stopping,0.000684377164255232
classification,43,adabelief,16,0.001,A2,45,35,early_stopping,0.000998147598583981
classification,43,adabelief,64,0.001,A2,56,46,early_stopping,0.0014096426302399392
classification,43,muon,16,0.1,A2,30,2,early_stopping,0.00701919520748246
classification,43,muon,64,0.1,A2,30,10,early_stopping,9.847310408842803e-05
classification,43,muon,16,0.001,A2,62,52,early_stopping,0.0010984444966939547
classification,43,muon,64,0.001,A2,100,100,max_epochs,0.02327495293903481
classification,43,sgd,16,0.1,A2-bias,60,50,early_stopping,0.00022134119483886337
classification,43,sgd,64,0.1,A2-bias,100,98,max_epochs,0.0007666759876684243
classification,43,sgd,16,0.001,A2-bias,100,100,max_epochs,0.667313552040793
classification,43,sgd,64,0.001,A2-bias,100,99,max_epochs,0.6847714062024198
classification,43,momentum,16,0.1,A2-bias,60,50,early_stopping,0.00023003810124915943
classification,43,momentum,64,0.1,A2-bias,100,100,max_epochs,0.0007978715594788081
classification,43,momentum,16,0.001,A2-bias,100,100,max_epochs,0.6674565862933909
classification,43,momentum,64,0.001,A2-bias,100,99,max_epochs,0.6848043258138271
classification,43,adabelief,16,0.1,A2-bias,30,5,early_stopping,0.00016750798246268687
classification,43,adabelief,64,0.1,A2-bias,30,10,early_stopping,3.3002603657268416e-06
classification,43,adabelief,16,0.001,A2-bias,39,29,early_stopping,9.081033852437103e-05
classification,43,adabelief,64,0.001,A2-bias,57,47,early_stopping,0.00019201508794365762
classification,43,muon,16,0.1,A2-bias,30,1,early_stopping,0.013603887850111239
classification,43,muon,64,0.1,A2-bias,30,4,early_stopping,1.1669699831190796e-09
classification,43,muon,16,0.001,A2-bias,71,61,early_stopping,3.862211805160348e-05
classification,43,muon,64,0.001,A2-bias,100,100,max_epochs,0.013746753271256644
classification,43,sgd,16,0.1,A2-he,55,45,early_stopping,0.0016947760870159889
classification,43,sgd,64,0.1,A2-he,100,98,max_epochs,0.002046061557757309
classification,43,sgd,16,0.001,A2-he,100,100,max_epochs,0.04670418629918625
classification,43,sgd,64,0.001,A2-he,100,100,max_epochs,0.19747978057568627
classification,43,momentum,16,0.1,A2-he,77,67,early_stopping,0.0016453787297081126
classification,43,momentum,64,0.1,A2-he,100,100,max_epochs,0.0020407196222883626
classification,43,momentum,16,0.001,A2-he,100,100,max_epochs,0.046757822592742714
classification,43,momentum,64,0.001,A2-he,100,100,max_epochs,0.19818969318760946
classification,43,adabelief,16,0.1,A2-he,30,3,early_stopping,0.011959509547704883
classification,43,adabelief,64,0.1,A2-he,30,5,early_stopping,0.0012437885694659998
classification,43,adabelief,16,0.001,A2-he,51,41,early_stopping,0.0016899215481279168
classification,43,adabelief,64,0.001,A2-he,100,95,max_epochs,0.0018808093445759132
classification,43,muon,16,0.1,A2-he,30,2,early_stopping,1.753114196705114e-06
classification,43,muon,64,0.1,A2-he,30,3,early_stopping,0.00016459481013318545
classification,43,muon,16,0.001,A2-he,62,52,early_stopping,0.0007510807223339315
classification,43,muon,64,0.001,A2-he,100,99,max_epochs,0.0020276453103785785
classification,43,sgd,16,0.1,A2-bias-he,58,48,early_stopping,0.0002677317129826765
classification,43,sgd,64,0.1,A2-bias-he,100,96,max_epochs,0.0007308146024540699
classification,43,sgd,16,0.001,A2-bias-he,100,100,max_epochs,0.041887762975124206
classification,43,sgd,64,0.001,A2-bias-he,100,100,max_epochs,0.18668730206431552
classification,43,momentum,16,0.1,A2-bias-he,57,47,early_stopping,0.00023218927098917166
classification,43,momentum,64,0.1,A2-bias-he,100,97,max_epochs,0.0005747112167364964
classification,43,momentum,16,0.001,A2-bias-he,100,100,max_epochs,0.04194666018224552
classification,43,momentum,64,0.001,A2-bias-he,100,100,max_epochs,0.1874222271193161
classification,43,adabelief,16,0.1,A2-bias-he,30,8,early_stopping,1.2907714501132039e-05
classification,43,adabelief,64,0.1,A2-bias-he,30,6,early_stopping,5.193593296777076e-05
classification,43,adabelief,16,0.001,A2-bias-he,55,45,early_stopping,7.2730736557047e-05
classification,43,adabelief,64,0.001,A2-bias-he,99,89,early_stopping,0.0001177110855360677
classification,43,muon,16,0.1,A2-bias-he,30,2,early_stopping,5.826471733297246e-10
classification,43,muon,64,0.1,A2-bias-he,30,5,early_stopping,7.941189554613646e-07
classification,43,muon,16,0.001,A2-bias-he,61,51,early_stopping,2.479124604799994e-05
classification,43,muon,64,0.001,A2-bias-he,100,97,max_epochs,0.00022962663529999965
classification,43,sgd,16,0.1,A2-bn,30,20,early_stopping,0.0020610205038235777
classification,43,sgd,64,0.1,A2-bn,68,58,early_stopping,0.0013000076495608885
classification,43,sgd,16,0.001,A2-bn,90,80,early_stopping,0.03350732246217759
classification,43,sgd,64,0.001,A2-bn,100,99,max_epochs,0.13724051308393817
classification,43,momentum,16,0.1,A2-bn,32,22,early_stopping,0.0017753884255192376
classification,43,momentum,64,0.1,A2-bn,61,51,early_stopping,0.0012164258709877719
classification,43,momentum,16,0.001,A2-bn,90,80,early_stopping,0.03277230590689172
classification,43,momentum,64,0.001,A2-bn,100,99,max_epochs,0.13943346803564804
classification,43,adabelief,16,0.1,A2-bn,30,20,early_stopping,0.0004735246236777132
classification,43,adabelief,64,0.1,A2-bn,30,14,early_stopping,9.71902311633964e-05
classification,43,adabelief,16,0.001,A2-bn,48,38,early_stopping,0.0004754490928182928
classification,43,adabelief,64,0.001,A2-bn,77,67,early_stopping,0.0004322451052835876
classification,43,muon,16,0.1,A2-bn,44,34,early_stopping,6.305820706186579e-06
classification,43,muon,64,0.1,A2-bn,30,15,early_stopping,7.302581372849296e-06
classification,43,muon,16,0.001,A2-bn,58,48,early_stopping,0.00047399044317044883
classification,43,muon,64,0.001,A2-bn,100,98,max_epochs,0.00027502053397077353
classification,43,sgd,16,0.1,A1-dropout,100,96,max_epochs,0.006225654359830914
classification,43,sgd,64,0.1,A1-dropout,100,100,max_epochs,0.030591387904048226
classification,43,sgd,16,0.001,A1-dropout,100,100,max_epochs,0.6606823568695499
classification,43,sgd,64,0.001,A1-dropout,100,100,max_epochs,0.6866753675739187
classification,43,momentum,16,0.1,A1-dropout,100,97,max_epochs,0.006078516959653638
classification,43,momentum,64,0.1,A1-dropout,100,100,max_epochs,0.030907183444915987
classification,43,momentum,16,0.001,A1-dropout,100,100,max_epochs,0.6607705943733048
classification,43,momentum,64,0.001,A1-dropout,100,99,max_epochs,0.686820539687253
classification,43,adabelief,16,0.1,A1-dropout,54,44,early_stopping,0.0002904878270963816
classification,43,adabelief,64,0.1,A1-dropout,48,38,early_stopping,0.002447674722963418
classification,43,adabelief,16,0.001,A1-dropout,100,99,max_epochs,0.0059886515633234315
classification,43,adabelief,64,0.001,A1-dropout,100,100,max_epochs,0.01437879334042089
classification,43,muon,16,0.1,A1-dropout,35,25,early_stopping,0.001151483301520836
classification,43,muon,64,0.1,A1-dropout,53,43,early_stopping,0.0034927600360442107
classification,43,muon,16,0.001,A1-dropout,100,100,max_epochs,0.02776063152796278
classification,43,muon,64,0.001,A1-dropout,100,100,max_epochs,0.4345362859327922
classification,43,sgd,16,0.1,A2-bn-dropout,59,49,early_stopping,0.0011648236232706273
classification,43,sgd,64,0.1,A2-bn-dropout,83,73,early_stopping,0.0008440409086819404
classification,43,sgd,16,0.001,A2-bn-dropout,90,80,early_stopping,0.055502371799172716
classification,43,sgd,64,0.001,A2-bn-dropout,100,98,max_epochs,0.23785703664109858
classification,43,momentum,16,0.1,A2-bn-dropout,30,20,early_stopping,0.0023794646870069175
classification,43,momentum,64,0.1,A2-bn-dropout,68,58,early_stopping,0.0008707415962911295
classification,43,momentum,16,0.001,A2-bn-dropout,90,80,early_stopping,0.055626119231620155
classification,43,momentum,64,0.001,A2-bn-dropout,100,100,max_epochs,0.24027362451535692
classification,43,adabelief,16,0.1,A2-bn-dropout,41,31,early_stopping,2.333424855473865e-05
classification,43,adabelief,64,0.1,A2-bn-dropout,30,13,early_stopping,3.844444713617121e-06
classification,43,adabelief,16,0.001,A2-bn-dropout,45,35,early_stopping,0.0012242590042604504
classification,43,adabelief,64,0.001,A2-bn-dropout,79,69,early_stopping,0.0004287752970373011
classification,43,muon,16,0.1,A2-bn-dropout,57,47,early_stopping,2.0358900187562957e-05
classification,43,muon,64,0.1,A2-bn-dropout,30,13,early_stopping,0.00014981195077451266
classification,43,muon,16,0.001,A2-bn-dropout,58,48,early_stopping,0.0012269950756416542
classification,43,muon,64,0.001,A2-bn-dropout,100,96,max_epochs,0.0008425675565309416
classification,43,sgd,16,0.1,A2-clip,55,45,early_stopping,0.0019370222548081028
classification,43,sgd,64,0.1,A2-clip,100,98,max_epochs,0.0028700213210236703
classification,43,sgd,16,0.001,A2-clip,100,100,max_epochs,0.6814663636820715
classification,43,sgd,64,0.001,A2-clip,100,96,max_epochs,0.6897643810214412
classification,43,momentum,16,0.1,A2-clip,67,57,early_stopping,0.0017299980812678886
classification,43,momentum,64,0.1,A2-clip,100,99,max_epochs,0.002838830274057417
classification,43,momentum,16,0.001,A2-clip,100,100,max_epochs,0.6815087339818005
classification,43,momentum,64,0.001,A2-clip,100,96,max_epochs,0.6897806834004094
classification,43,adabelief,16,0.1,A2-clip,30,3,early_stopping,0.0005951818441654468
classification,43,adabelief,64,0.1,A2-clip,30,7,early_stopping,0.000684377164255232
classification,43,adabelief,16,0.001,A2-clip,45,35,early_stopping,0.000998147598583981
classification,43,adabelief,64,0.001,A2-clip,56,46,early_stopping,0.0014096426302399392
classification,43,muon,16,0.1,A2-clip,30,2,early_stopping,0.00701919520748246
classification,43,muon,64,0.1,A2-clip,30,10,early_stopping,9.847310408842803e-05
classification,43,muon,16,0.001,A2-clip,62,52,early_stopping,0.0010984444966939547
classification,43,muon,64,0.001,A2-clip,100,100,max_epochs,0.02327495293903481
classification,44,sgd,16,0.1,A1,100,95,max_epochs,0.013143746342056667
classification,44,sgd,64,0.1,A1,100,100,max_epochs,0.03845217469418023
classification,44,sgd,16,0.001,A1,100,100,max_epochs,0.6614156139619165
classification,44,sgd,64,0.001,A1,100,100,max_epochs,0.6934548352054426
classification,44,momentum,16,0.1,A1,100,96,max_epochs,0.013586436311608918
classification,44,momentum,64,0.1,A1,100,100,max_epochs,0.03878425134398886
classification,44,momentum,16,0.001,A1,100,100,max_epochs,0.6615272439682476
classification,44,momentum,64,0.001,A1,100,100,max_epochs,0.6935291619772707
classification,44,adabelief,16,0.1,A1,30,6,early_stopping,0.014858610308976805
classification,44,adabelief,64,0.1,A1,56,46,early_stopping,0.0018973191401801307
classification,44,adabelief,16,0.001,A1,100,100,max_epochs,0.010242765277148671
classification,44,adabelief,64,0.001,A1,100,100,max_epochs,0.01961484223920225
classification,44,muon,16,0.1,A1,30,8,early_stopping,0.014639222852559716
classification,44,muon,64,0.1,A1,30,15,early_stopping,0.0006039401095563674
classification,44,muon,16,0.001,A1,100,100,max_epochs,0.03144304825461481
classification,44,muon,64,0.001,A1,100,100,max_epochs,0.4281240913567594
classification,44,sgd,16,0.1,A2,62,52,early_stopping,0.00311230203490735
classification,44,sgd,64,0.1,A2,100,99,max_epochs,0.003687434733279527
classification,44,sgd,16,0.001,A2,100,99,max_epochs,0.6878751478962623
classification,44,sgd,64,0.001,A2,100,91,max_epochs,0.6918594668628079
classification,44,momentum,16,0.1,A2,71,61,early_stopping,0.002866309365291597
classification,44,momentum,64,0.1,A2,100,100,max_epochs,0.0038726492632369333
classification,44,momentum,16,0.001,A2,100,99,max_epochs,0.6878904242097832
classification,44,momentum,64,0.001,A2,100,91,max_epochs,0.6918679871597417
classification,44,adabelief,16,0.1,A2,30,2,early_stopping,0.01091530198712432
classification,44,adabelief,64,0.1,A2,30,17,early_stopping,0.007709015478812029
classification,44,adabelief,16,0.001,A2,30,19,early_stopping,0.001877671123083052
classification,44,adabelief,64,0.001,A2,47,37,early_stopping,0.0026202951367695184
classification,44,muon,16,0.1,A2,30,2,early_stopping,0.0253907248792221
classification,44,muon,64,0.1,A2,30,12,early_stopping,0.0035903836058208322
classification,44,muon,16,0.001,A2,47,37,early_stopping,0.0023679623915986926
classification,44,muon,64,0.001,A2,100,100,max_epochs,0.019640797929680518
classification,44,sgd,16,0.1,A2-bias,41,31,early_stopping,0.001903509175975491
classification,44,sgd,64,0.1,A2-bias,100,100,max_epochs,0.0015165517363266775
classification,44,sgd,16,0.001,A2-bias,100,100,max_epochs,0.6748696342028592
classification,44,sgd,64,0.001,A2-bias,100,98,max_epochs,0.688293937287667
classification,44,momentum,16,0.1,A2-bias,100,96,max_epochs,0.000407600975620384
classification,44,momentum,64,0.1,A2-bias,100,97,max_epochs,0.0016361462135941294
classification,44,momentum,16,0.001,A2-bias,100,100,max_epochs,0.6749913519664915
classification,44,momentum,64,0.001,A2-bias,100,100,max_epochs,0.6882425653350805
classification,44,adabelief,16,0.1,A2-bias,58,48,early_stopping,0.0001686807073047776
classification,44,adabelief,64,0.1,A2-bias,34,24,early_stopping,1.769491157753745e-05
classification,44,adabelief,16,0.001,A2-bias,88,78,early_stopping,5.739220495749603e-05
classification,44,adabelief,64,0.001,A2-bias,100,96,max_epochs,7.81068104326002e-05
classification,44,muon,16,0.1,A2-bias,30,1,early_stopping,0.1479975453746377
classification,44,muon,64,0.1,A2-bias,30,6,early_stopping,2.940132381459875e-07
classification,44,muon,16,0.001,A2-bias,100,90,max_epochs,2.7951035525525153e-05
classification,44,muon,64,0.001,A2-bias,100,100,max_epochs,0.013201357177231582
classification,44,sgd,16,0.1,A2-he,35,25,early_stopping,0.0024661904651230707
classification,44,sgd,64,0.1,A2-he,80,70,early_stopping,0.004486538115166864
classification,44,sgd,16,0.001,A2-he,100,100,max_epochs,0.0784063494152218
classification,44,sgd,64,0.001,A2-he,100,100,max_epochs,0.28935452969806974
classification,44,momentum,16,0.1,A2-he,30,20,early_stopping,0.002907006789747765
classification,44,momentum,64,0.1,A2-he,78,68,early_stopping,0.00515253596348916
classification,44,momentum,16,0.001,A2-he,100,100,max_epochs,0.07870024477835538
classification,44,momentum,64,0.001,A2-he,100,100,max_epochs,0.29077156487441264
classification,44,adabelief,16,0.1,A2-he,30,3,early_stopping,0.012481057331306363
classification,44,adabelief,64,0.1,A2-he,30,4,early_stopping,0.055359015035047095
classification,44,adabelief,16,0.001,A2-he,30,13,early_stopping,0.007533712097456894
classification,44,adabelief,64,0.001,A2-he,47,37,early_stopping,0.0037758028847768082
classification,44,muon,16,0.1,A2-he,30,2,early_stopping,0.286810874931003
classification,44,muon,64,0.1,A2-he,30,8,early_stopping,0.2974599510180295
classification,44,muon,16,0.001,A2-he,31,21,early_stopping,0.002122997921771809
classification,44,muon,64,0.001,A2-he,78,68,early_stopping,0.003999290082127027
classification,44,sgd,16,0.1,A2-bias-he,100,99,max_epochs,0.0010201548108495105
classification,44,sgd,64,0.1,A2-bias-he,100,99,max_epochs,0.004090522648450782
classification,44,sgd,16,0.001,A2-bias-he,100,100,max_epochs,0.07211188421253022
classification,44,sgd,64,0.001,A2-bias-he,100,100,max_epochs,0.28225258231362393
classification,44,momentum,16,0.1,A2-bias-he,100,97,max_epochs,0.0007195434644288592
classification,44,momentum,64,0.1,A2-bias-he,100,98,max_epochs,0.0037442503722703055
classification,44,momentum,16,0.001,A2-bias-he,100,100,max_epochs,0.07240654775347326
classification,44,momentum,64,0.001,A2-bias-he,100,100,max_epochs,0.28396466204716664
classification,44,adabelief,16,0.1,A2-bias-he,30,11,early_stopping,2.10006767057898e-06
classification,44,adabelief,64,0.1,A2-bias-he,30,7,early_stopping,8.217329257034007e-05
classification,44,adabelief,16,0.001,A2-bias-he,100,96,max_epochs,5.6410750821034405e-05
classification,44,adabelief,64,0.001,A2-bias-he,100,100,max_epochs,0.0003303757636220501
classification,44,muon,16,0.1,A2-bias-he,30,1,early_stopping,0.007519386990396661
classification,44,muon,64,0.1,A2-bias-he,30,2,early_stopping,0.020776018201703605
classification,44,muon,16,0.001,A2-bias-he,39,29,early_stopping,9.049071874257548e-05
classification,44,muon,64,0.001,A2-bias-he,94,84,early_stopping,0.00021513224988196688
classification,44,sgd,16,0.1,A2-bn,58,48,early_stopping,0.00126467374482211
classification,44,sgd,64,0.1,A2-bn,53,43,early_stopping,0.001707682662911003
classification,44,sgd,16,0.001,A2-bn,96,86,early_stopping,0.04636051225439731
classification,44,sgd,64,0.001,A2-bn,100,100,max_epochs,0.16111831473296936
classification,44,momentum,16,0.1,A2-bn,45,35,early_stopping,0.00138238864355338
classification,44,momentum,64,0.1,A2-bn,51,41,early_stopping,0.0015104143532137914
classification,44,momentum,16,0.001,A2-bn,95,85,early_stopping,0.04405431834643025
classification,44,momentum,64,0.001,A2-bn,100,100,max_epochs,0.1627630711497845
classification,44,adabelief,16,0.1,A2-bn,45,35,early_stopping,7.103135816257712e-05
classification,44,adabelief,64,0.1,A2-bn,32,22,early_stopping,0.00027130325042719485
classification,44,adabelief,16,0.001,A2-bn,62,52,early_stopping,0.0009972774720539948
classification,44,adabelief,64,0.001,A2-bn,56,46,early_stopping,0.0011212459788253063
classification,44,muon,16,0.1,A2-bn,48,38,early_stopping,0.0003045672678315006
classification,44,muon,64,0.1,A2-bn,33,23,early_stopping,7.06107958214613e-05
classification,44,muon,16,0.001,A2-bn,59,49,early_stopping,0.0006664613613450195
classification,44,muon,64,0.001,A2-bn,95,85,early_stopping,0.00035901024652773274
classification,44,sgd,16,0.1,A1-dropout,61,51,early_stopping,0.018436739504637527
classification,44,sgd,64,0.1,A1-dropout,100,99,max_epochs,0.038176439075041875
classification,44,sgd,16,0.001,A1-dropout,100,100,max_epochs,0.6633179146262813
classification,44,sgd,64,0.001,A1-dropout,100,99,max_epochs,0.6934509957982065
classification,44,momentum,16,0.1,A1-dropout,63,53,early_stopping,0.017960352611335224
classification,44,momentum,64,0.1,A1-dropout,100,100,max_epochs,0.03808986607493928
classification,44,momentum,16,0.001,A1-dropout,100,100,max_epochs,0.6634045809481498
classification,44,momentum,64,0.001,A1-dropout,100,100,max_epochs,0.6934125412081779
classification,44,adabelief,16,0.1,A1-dropout,44,34,early_stopping,0.0007463620363894608
classification,44,adabelief,64,0.1,A1-dropout,44,34,early_stopping,0.008631218971594475
classification,44,adabelief,16,0.001,A1-dropout,74,64,early_stopping,0.01586440129071422
classification,44,adabelief,64,0.001,A1-dropout,100,100,max_epochs,0.021250698167403333
classification,44,muon,16,0.1,A1-dropout,30,8,early_stopping,0.025355321636149723
classification,44,muon,64,0.1,A1-dropout,51,41,early_stopping,0.0023788656153924067
classification,44,muon,16,0.001,A1-dropout,100,100,max_epochs,0.03729948547647176
classification,44,muon,64,0.001,A1-dropout,100,100,max_epochs,0.4331322624416577
classification,44,sgd,16,0.1,A2-bn-dropout,46,36,early_stopping,0.0023990850467858066
classification,44,sgd,64,0.1,A2-bn-dropout,53,43,early_stopping,0.0015500303801341878
classification,44,sgd,16,0.001,A2-bn-dropout,100,99,max_epochs,0.05632918503324524
classification,44,sgd,64,0.001,A2-bn-dropout,100,99,max_epochs,0.25719947019244027
classification,44,momentum,16,0.1,A2-bn-dropout,30,14,early_stopping,0.004630617216854907
classification,44,momentum,64,0.1,A2-bn-dropout,53,43,early_stopping,0.0015856066400262118
classification,44,momentum,16,0.001,A2-bn-dropout,100,99,max_epochs,0.0558413746535052
classification,44,momentum,64,0.001,A2-bn-dropout,100,99,max_epochs,0.25885111976108055
classification,44,adabelief,16,0.1,A2-bn-dropout,30,10,early_stopping,0.005235883996348135
classification,44,adabelief,64,0.1,A2-bn-dropout,30,11,early_stopping,0.00020824096165606345
classification,44,adabelief,16,0.001,A2-bn-dropout,30,14,early_stopping,0.004820854433415577
classification,44,adabelief,64,0.001,A2-bn-dropout,56,46,early_stopping,0.001078399892424796
classification,44,muon,16,0.1,A2-bn-dropout,38,28,early_stopping,5.2299728118078094e-05
classification,44,muon,64,0.1,A2-bn-dropout,30,15,early_stopping,0.0008518360962599986
classification,44,muon,16,0.001,A2-bn-dropout,42,32,early_stopping,0.004133945130087997
classification,44,muon,64,0.001,A2-bn-dropout,90,80,early_stopping,0.001063659003237955
classification,44,sgd,16,0.1,A2-clip,62,52,early_stopping,0.00311230203490735
classification,44,sgd,64,0.1,A2-clip,100,99,max_epochs,0.003687434733279527
classification,44,sgd,16,0.001,A2-clip,100,99,max_epochs,0.6878751478962623
classification,44,sgd,64,0.001,A2-clip,100,91,max_epochs,0.6918594668628079
classification,44,momentum,16,0.1,A2-clip,71,61,early_stopping,0.002866309365291597
classification,44,momentum,64,0.1,A2-clip,100,100,max_epochs,0.0038726492632369333
classification,44,momentum,16,0.001,A2-clip,100,99,max_epochs,0.6878904242097832
classification,44,momentum,64,0.001,A2-clip,100,91,max_epochs,0.6918679871597417
classification,44,adabelief,16,0.1,A2-clip,30,2,early_stopping,0.01091530198712432
classification,44,adabelief,64,0.1,A2-clip,30,17,early_stopping,0.007709015478812029
classification,44,adabelief,16,0.001,A2-clip,30,19,early_stopping,0.001877671123083052
classification,44,adabelief,64,0.001,A2-clip,47,37,early_stopping,0.0026202951367695184
classification,44,muon,16,0.1,A2-clip,30,2,early_stopping,0.0253907248792221
classification,44,muon,64,0.1,A2-clip,30,12,early_stopping,0.0035903836058208322
classification,44,muon,16,0.001,A2-clip,47,37,early_stopping,0.0023679623915986926
classification,44,muon,64,0.001,A2-clip,100,100,max_epochs,0.019640797929680518
classification,45,sgd,16,0.1,A1,100,97,max_epochs,0.013818536297749609
classification,45,sgd,64,0.1,A1,100,100,max_epochs,0.0353125875253067
classification,45,sgd,16,0.001,A1,100,100,max_epochs,0.665655443199817
classification,45,sgd,64,0.001,A1,100,100,max_epochs,0.6894426754219604
classification,45,momentum,16,0.1,A1,93,83,early_stopping,0.014809866084366062
classification,45,momentum,64,0.1,A1,100,100,max_epochs,0.0353843458716399
classification,45,momentum,16,0.001,A1,100,100,max_epochs,0.665745962992111
classification,45,momentum,64,0.001,A1,100,99,max_epochs,0.6895796442625675
classification,45,adabelief,16,0.1,A1,39,29,early_stopping,0.0010249785472322829
classification,45,adabelief,64,0.1,A1,81,71,early_stopping,0.0012038796217931338
classification,45,adabelief,16,0.001,A1,93,83,early_stopping,0.011792554832212398
classification,45,adabelief,64,0.001,A1,100,99,max_epochs,0.01943518134315005
classification,45,muon,16,0.1,A1,30,14,early_stopping,0.006607857466501547
classification,45,muon,64,0.1,A1,30,15,early_stopping,0.0019342489062115881
classification,45,muon,16,0.001,A1,100,100,max_epochs,0.03455424355301442
classification,45,muon,64,0.001,A1,100,100,max_epochs,0.46095409850860913
classification,45,sgd,16,0.1,A2,71,61,early_stopping,0.006147471960221689
classification,45,sgd,64,0.1,A2,47,37,early_stopping,0.014495865535726123
classification,45,sgd,16,0.001,A2,100,99,max_epochs,0.6885420300674737
classification,45,sgd,64,0.001,A2,37,27,early_stopping,0.691993687031277
classification,45,momentum,16,0.1,A2,58,48,early_stopping,0.007302987439432782
classification,45,momentum,64,0.1,A2,48,38,early_stopping,0.014417883188108984
classification,45,momentum,16,0.001,A2,100,99,max_epochs,0.6885553139550569
classification,45,momentum,64,0.001,A2,37,27,early_stopping,0.6919989595359803
classification,45,adabelief,16,0.1,A2,30,4,early_stopping,0.015103922282387485
classification,45,adabelief,64,0.1,A2,30,11,early_stopping,0.010448605254540524
classification,45,adabelief,16,0.001,A2,36,26,early_stopping,0.005751527329613
classification,45,adabelief,64,0.001,A2,79,69,early_stopping,0.004884754414847146
classification,45,muon,16,0.1,A2,30,1,early_stopping,0.023930114357542664
classification,45,muon,64,0.1,A2,30,8,early_stopping,0.0466318735380823
classification,45,muon,16,0.001,A2,62,52,early_stopping,0.0030543287988898916
classification,45,muon,64,0.001,A2,100,100,max_epochs,0.06616401954793823
classification,45,sgd,16,0.1,A2-bias,41,31,early_stopping,0.0013987336098003618
classification,45,sgd,64,0.1,A2-bias,100,100,max_epochs,0.0017736866496087596
classification,45,sgd,16,0.001,A2-bias,100,100,max_epochs,0.6822116017661203
classification,45,sgd,64,0.001,A2-bias,100,97,max_epochs,0.6887794467094953
classification,45,momentum,16,0.1,A2-bias,100,98,max_epochs,0.00025395923076476537
classification,45,momentum,64,0.1,A2-bias,100,98,max_epochs,0.001892043662131473
classification,45,momentum,16,0.001,A2-bias,100,99,max_epochs,0.6823387650338332
classification,45,momentum,64,0.001,A2-bias,100,100,max_epochs,0.6887141357455855
classification,45,adabelief,16,0.1,A2-bias,30,17,early_stopping,2.5640976714907342e-05
classification,45,adabelief,64,0.1,A2-bias,30,5,early_stopping,0.00019428604003405545
classification,45,adabelief,16,0.001,A2-bias,79,69,early_stopping,2.4468295711553758e-05
classification,45,adabelief,64,0.001,A2-bias,100,99,max_epochs,0.00011959867735804443
classification,45,muon,16,0.1,A2-bias,30,2,early_stopping,0.010592747516561652
classification,45,muon,64,0.1,A2-bias,30,5,early_stopping,0.0003731099115986451
classification,45,muon,16,0.001,A2-bias,82,72,early_stopping,1.3676927992217664e-06
classification,45,muon,64,0.001,A2-bias,100,100,max_epochs,0.02716688488525079
classification,45,sgd,16,0.1,A2-he,41,31,early_stopping,0.0052504247526800624
classification,45,sgd,64,0.1,A2-he,80,70,early_stopping,0.00676673950755273
classification,45,sgd,16,0.001,A2-he,100,100,max_epochs,0.05308365040987491
classification,45,sgd,64,0.001,A2-he,100,100,max_epochs,0.2631902563533759
classification,45,momentum,16,0.1,A2-he,42,32,early_stopping,0.00485840161311597
classification,45,momentum,64,0.1,A2-he,100,98,max_epochs,0.005701189533345074
classification,45,momentum,16,0.001,A2-he,100,100,max_epochs,0.05315285236766656
classification,45,momentum,64,0.001,A2-he,100,100,max_epochs,0.2645376124731024
classification,45,adabelief,16,0.1,A2-he,30,9,early_stopping,0.01310064315201657
classification,45,adabelief,64,0.1,A2-he,30,13,early_stopping,0.00603421401153257
classification,45,adabelief,16,0.001,A2-he,39,29,early_stopping,0.0037828491629833317
classification,45,adabelief,64,0.001,A2-he,72,62,early_stopping,0.004088098293138685
classification,45,muon,16,0.1,A2-he,30,1,early_stopping,0.027093879791392352
classification,45,muon,64,0.1,A2-he,30,1,early_stopping,0.03150883589734291
classification,45,muon,16,0.001,A2-he,38,28,early_stopping,0.004396626004718866
classification,45,muon,64,0.001,A2-he,100,99,max_epochs,0.004711199492769292
classification,45,sgd,16,0.1,A2-bias-he,100,97,max_epochs,0.00016626716169947702
classification,45,sgd,64,0.1,A2-bias-he,100,100,max_epochs,0.0010122084275317681
classification,45,sgd,16,0.001,A2-bias-he,100,100,max_epochs,0.04686939873342617
classification,45,sgd,64,0.001,A2-bias-he,100,100,max_epochs,0.2572477622514437
classification,45,momentum,16,0.1,A2-bias-he,100,98,max_epochs,0.00016136403670920867
classification,45,momentum,64,0.1,A2-bias-he,100,99,max_epochs,0.0010351368684052068
classification,45,momentum,16,0.001,A2-bias-he,100,100,max_epochs,0.04690778119230714
classification,45,momentum,64,0.001,A2-bias-he,100,100,max_epochs,0.25868101629039236
classification,45,adabelief,16,0.1,A2-bias-he,30,8,early_stopping,4.376287089251026e-09
classification,45,adabelief,64,0.1,A2-bias-he,30,10,early_stopping,1.2940637469390586e-05
classification,45,adabelief,16,0.001,A2-bias-he,60,50,early_stopping,9.26752137735076e-05
classification,45,adabelief,64,0.001,A2-bias-he,100,98,max_epochs,0.00011682867748622906
classification,45,muon,16,0.1,A2-bias-he,30,1,early_stopping,0.04320928643296309
classification,45,muon,64,0.1,A2-bias-he,30,6,early_stopping,5.269827104384098e-07
classification,45,muon,16,0.001,A2-bias-he,66,56,early_stopping,1.4179038493495684e-07
classification,45,muon,64,0.001,A2-bias-he,100,99,max_epochs,0.0001544817416755441
classification,45,sgd,16,0.1,A2-bn,30,15,early_stopping,0.004457152852101568
classification,45,sgd,64,0.1,A2-bn,53,43,early_stopping,0.002135670399883528
classification,45,sgd,16,0.001,A2-bn,100,97,max_epochs,0.037811471567265796
classification,45,sgd,64,0.001,A2-bn,100,100,max_epochs,0.16754002969416973
classification,45,momentum,16,0.1,A2-bn,30,15,early_stopping,0.005191334299782814
classification,45,momentum,64,0.1,A2-bn,79,69,early_stopping,0.0009082119911452004
classification,45,momentum,16,0.001,A2-bn,93,83,early_stopping,0.04832910555199431
classification,45,momentum,64,0.001,A2-bn,100,100,max_epochs,0.16942532832967927
classification,45,adabelief,16,0.1,A2-bn,39,29,early_stopping,0.0005021550852435864
classification,45,adabelief,64,0.1,A2-bn,39,29,early_stopping,0.0004229707689300138
classification,45,adabelief,16,0.001,A2-bn,30,15,early_stopping,0.005169826470518966
classification,45,adabelief,64,0.001,A2-bn,75,65,early_stopping,0.0004975505343464943
classification,45,muon,16,0.1,A2-bn,39,29,early_stopping,0.000513323991122648
classification,45,muon,64,0.1,A2-bn,30,10,early_stopping,0.0007897359529329209
classification,45,muon,16,0.001,A2-bn,53,43,early_stopping,0.00047940205399602
classification,45,muon,64,0.001,A2-bn,93,83,early_stopping,0.0011446366500599697
classification,45,sgd,16,0.1,A1-dropout,55,45,early_stopping,0.019404454227234278
classification,45,sgd,64,0.1,A1-dropout,100,100,max_epochs,0.03407059867406602
classification,45,sgd,16,0.001,A1-dropout,100,100,max_epochs,0.6671805399051022
classification,45,sgd,64,0.001,A1-dropout,100,100,max_epochs,0.6894146131807053
classification,45,momentum,16,0.1,A1-dropout,55,45,early_stopping,0.019491751856646717
classification,45,momentum,64,0.1,A1-dropout,100,100,max_epochs,0.03421096912925238
classification,45,momentum,16,0.001,A1-dropout,100,100,max_epochs,0.6672523256877885
classification,45,momentum,64,0.001,A1-dropout,100,99,max_epochs,0.6895527773441091
classification,45,adabelief,16,0.1,A1-dropout,39,29,early_stopping,0.015678672707180607
classification,45,adabelief,64,0.1,A1-dropout,30,17,early_stopping,0.006654067166454673
classification,45,adabelief,16,0.001,A1-dropout,79,69,early_stopping,0.013964700719566547
classification,45,adabelief,64,0.001,A1-dropout,100,98,max_epochs,0.020269434509621754
classification,45,muon,16,0.1,A1-dropout,42,32,early_stopping,0.003865249477848161
classification,45,muon,64,0.1,A1-dropout,30,17,early_stopping,0.007749484689317204
classification,45,muon,16,0.001,A1-dropout,100,100,max_epochs,0.0367375688586811
classification,45,muon,64,0.001,A1-dropout,100,100,max_epochs,0.4632487682003305
classification,45,sgd,16,0.1,A2-bn-dropout,71,61,early_stopping,0.005198336727369898
classification,45,sgd,64,0.1,A2-bn-dropout,46,36,early_stopping,0.0028527509651344435
classification,45,sgd,16,0.001,A2-bn-dropout,100,95,max_epochs,0.059062673043908616
classification,45,sgd,64,0.001,A2-bn-dropout,100,98,max_epochs,0.30643477906332994
classification,45,momentum,16,0.1,A2-bn-dropout,30,14,early_stopping,0.008400937788604372
classification,45,momentum,64,0.1,A2-bn-dropout,56,46,early_stopping,0.002051443452169206
classification,45,momentum,16,0.001,A2-bn-dropout,100,95,max_epochs,0.05909100714376668
classification,45,momentum,64,0.001,A2-bn-dropout,100,98,max_epochs,0.30964811223139893
classification,45,adabelief,16,0.1,A2-bn-dropout,30,8,early_stopping,0.0025531944620872833
classification,45,adabelief,64,0.1,A2-bn-dropout,30,12,early_stopping,3.9609675504317684e-05
classification,45,adabelief,16,0.001,A2-bn-dropout,30,14,early_stopping,0.005822853966370629
classification,45,adabelief,64,0.001,A2-bn-dropout,56,46,early_stopping,0.0009678868739965752
classification,45,muon,16,0.1,A2-bn-dropout,42,32,early_stopping,0.002277125196965025
classification,45,muon,64,0.1,A2-bn-dropout,30,14,early_stopping,0.0003700835115562536
classification,45,muon,16,0.001,A2-bn-dropout,60,50,early_stopping,0.0021980033272740412
classification,45,muon,64,0.001,A2-bn-dropout,89,79,early_stopping,0.0010515723334794964
classification,45,sgd,16,0.1,A2-clip,71,61,early_stopping,0.006147471960221689
classification,45,sgd,64,0.1,A2-clip,47,37,early_stopping,0.014495865535726123
classification,45,sgd,16,0.001,A2-clip,100,99,max_epochs,0.6885420300674737
classification,45,sgd,64,0.001,A2-clip,37,27,early_stopping,0.691993687031277
classification,45,momentum,16,0.1,A2-clip,58,48,early_stopping,0.007302987439432782
classification,45,momentum,64,0.1,A2-clip,48,38,early_stopping,0.014417883188108984
classification,45,momentum,16,0.001,A2-clip,100,99,max_epochs,0.6885553139550569
classification,45,momentum,64,0.001,A2-clip,37,27,early_stopping,0.6919989595359803
classification,45,adabelief,16,0.1,A2-clip,30,13,early_stopping,0.3183342607021452
classification,45,adabelief,64,0.1,A2-clip,30,11,early_stopping,0.010448605254540524
classification,45,adabelief,16,0.001,A2-clip,36,26,early_stopping,0.005751527329613
classification,45,adabelief,64,0.001,A2-clip,79,69,early_stopping,0.004884754414847146
classification,45,muon,16,0.1,A2-clip,30,1,early_stopping,0.023930114357542664
classification,45,muon,64,0.1,A2-clip,30,8,early_stopping,0.0466318735380823
classification,45,muon,16,0.001,A2-clip,62,52,early_stopping,0.0030543287988898916
classification,45,muon,64,0.001,A2-clip,100,100,max_epochs,0.06616401954793823
classification,46,sgd,16,0.1,A1,100,100,max_epochs,0.03283750376406462
classification,46,sgd,64,0.1,A1,100,100,max_epochs,0.05608932687126582
classification,46,sgd,16,0.001,A1,100,100,max_epochs,0.6401403510539916
classification,46,sgd,64,0.001,A1,100,100,max_epochs,0.6721743772920259
classification,46,momentum,16,0.1,A1,100,97,max_epochs,0.033022454949883935
classification,46,momentum,64,0.1,A1,100,100,max_epochs,0.05618475807105857
classification,46,momentum,16,0.001,A1,100,100,max_epochs,0.6402720264972431
classification,46,momentum,64,0.001,A1,100,100,max_epochs,0.6722338057884185
classification,46,adabelief,16,0.1,A1,40,30,early_stopping,0.005231706997843675
classification,46,adabelief,64,0.1,A1,91,81,early_stopping,0.008281568409353157
classification,46,adabelief,16,0.001,A1,100,97,max_epochs,0.03035900011933254
classification,46,adabelief,64,0.001,A1,100,100,max_epochs,0.03800478724552492
classification,46,muon,16,0.1,A1,30,7,early_stopping,0.0224432474084354
classification,46,muon,64,0.1,A1,30,17,early_stopping,0.01200582824156497
classification,46,muon,16,0.001,A1,100,100,max_epochs,0.047013000319253234
classification,46,muon,64,0.001,A1,100,100,max_epochs,0.43494563643129347
classification,46,sgd,16,0.1,A2,100,99,max_epochs,0.011341943992070893
classification,46,sgd,64,0.1,A2,100,100,max_epochs,0.01940349715393484
classification,46,sgd,16,0.001,A2,100,100,max_epochs,0.6913487237732726
classification,46,sgd,64,0.001,A2,70,60,early_stopping,0.6945786200081068
classification,46,momentum,16,0.1,A2,100,94,max_epochs,0.011784230989745268
classification,46,momentum,64,0.1,A2,100,100,max_epochs,0.01947174594665316
classification,46,momentum,16,0.001,A2,100,100,max_epochs,0.6913577296280784
classification,46,momentum,64,0.001,A2,71,61,early_stopping,0.694574776101396
classification,46,adabelief,16,0.1,A2,30,2,early_stopping,0.14932588738556243
classification,46,adabelief,64,0.1,A2,30,5,early_stopping,0.02901184835945359
classification,46,adabelief,16,0.001,A2,38,28,early_stopping,0.014793968350662854
classification,46,adabelief,64,0.001,A2,56,46,early_stopping,0.014510105104623567
classification,46,muon,16,0.1,A2,30,5,early_stopping,0.5116858220214895
classification,46,muon,64,0.1,A2,30,14,early_stopping,0.07672902549583639
classification,46,muon,16,0.001,A2,50,40,early_stopping,0.015215109031126035
classification,46,muon,64,0.001,A2,100,100,max_epochs,0.03861141361346789
classification,46,sgd,16,0.1,A2-bias,100,96,max_epochs,0.0008165147364089386
classification,46,sgd,64,0.1,A2-bias,100,98,max_epochs,0.005153690165858977
classification,46,sgd,16,0.001,A2-bias,100,100,max_epochs,0.678213701164707
classification,46,sgd,64,0.001,A2-bias,100,98,max_epochs,0.6899926804546468
classification,46,momentum,16,0.1,A2-bias,91,81,early_stopping,0.0009753193636123294
classification,46,momentum,64,0.1,A2-bias,100,99,max_epochs,0.005301093642398572
classification,46,momentum,16,0.001,A2-bias,100,100,max_epochs,0.6782963402119203
classification,46,momentum,64,0.001,A2-bias,100,98,max_epochs,0.6900348238071996
classification,46,adabelief,16,0.1,A2-bias,30,3,early_stopping,0.004907830534545795
classification,46,adabelief,64,0.1,A2-bias,30,12,early_stopping,0.003707076644288058
classification,46,adabelief,16,0.001,A2-bias,65,55,early_stopping,0.0003261399422838179
classification,46,adabelief,64,0.001,A2-bias,100,94,max_epochs,0.0006387535389919282
classification,46,muon,16,0.1,A2-bias,30,2,early_stopping,0.1723300123270558
classification,46,muon,64,0.1,A2-bias,30,6,early_stopping,0.04954231697216887
classification,46,muon,16,0.001,A2-bias,81,71,early_stopping,8.793910708192243e-05
classification,46,muon,64,0.001,A2-bias,100,100,max_epochs,0.028364915796735262
classification,46,sgd,16,0.1,A2-he,42,32,early_stopping,0.012158545788425179
classification,46,sgd,64,0.1,A2-he,100,100,max_epochs,0.012764265655242737
classification,46,sgd,16,0.001,A2-he,100,100,max_epochs,0.09029095458429115
classification,46,sgd,64,0.001,A2-he,100,100,max_epochs,0.3320256590567941
classification,46,momentum,16,0.1,A2-he,40,30,early_stopping,0.012006749707511033
classification,46,momentum,64,0.1,A2-he,100,99,max_epochs,0.012445077145376479
classification,46,momentum,16,0.001,A2-he,100,100,max_epochs,0.09070308675897576
classification,46,momentum,64,0.001,A2-he,100,100,max_epochs,0.3343942211636666
classification,46,adabelief,16,0.1,A2-he,30,3,early_stopping,0.02723687911519968
classification,46,adabelief,64,0.1,A2-he,30,7,early_stopping,0.020198747376460872
classification,46,adabelief,16,0.001,A2-he,36,26,early_stopping,0.012568904711875517
classification,46,adabelief,64,0.001,A2-he,56,46,early_stopping,0.012661123378005958
classification,46,muon,16,0.1,A2-he,30,1,early_stopping,0.4471490438483595
classification,46,muon,64,0.1,A2-he,30,2,early_stopping,0.054629277470242585
classification,46,muon,16,0.001,A2-he,36,26,early_stopping,0.011955826269293859
classification,46,muon,64,0.001,A2-he,100,99,max_epochs,0.01232417017909265
classification,46,sgd,16,0.1,A2-bias-he,87,77,early_stopping,0.0013106786653236011
classification,46,sgd,64,0.1,A2-bias-he,100,100,max_epochs,0.0030089702687395676
classification,46,sgd,16,0.001,A2-bias-he,100,100,max_epochs,0.0798890968828145
classification,46,sgd,64,0.001,A2-bias-he,100,100,max_epochs,0.32274976277852513
classification,46,momentum,16,0.1,A2-bias-he,84,74,early_stopping,0.0011633975512872175
classification,46,momentum,64,0.1,A2-bias-he,100,96,max_epochs,0.0032641601047163227
classification,46,momentum,16,0.001,A2-bias-he,100,100,max_epochs,0.08033458194281357
classification,46,momentum,64,0.001,A2-bias-he,100,100,max_epochs,0.3256163269848447
classification,46,adabelief,16,0.1,A2-bias-he,47,37,early_stopping,0.13679764592505983
classification,46,adabelief,64,0.1,A2-bias-he,30,17,early_stopping,0.00010244389711743646
classification,46,adabelief,16,0.001,A2-bias-he,95,85,early_stopping,0.00031116937583597993
classification,46,adabelief,64,0.001,A2-bias-he,100,97,max_epochs,0.0009462903769223031
classification,46,muon,16,0.1,A2-bias-he,30,2,early_stopping,0.31669086441039246
classification,46,muon,64,0.1,A2-bias-he,30,5,early_stopping,0.0012131919605528768
classification,46,muon,16,0.001,A2-bias-he,51,41,early_stopping,0.0025785981744676067
classification,46,muon,64,0.001,A2-bias-he,100,99,max_epochs,0.0014590780855438831
classification,46,sgd,16,0.1,A2-bn,34,24,early_stopping,0.002537216485493507
classification,46,sgd,64,0.1,A2-bn,86,76,early_stopping,0.0012887771218820577
classification,46,sgd,16,0.001,A2-bn,100,100,max_epochs,0.04098063408048997
classification,46,sgd,64,0.001,A2-bn,100,100,max_epochs,0.1700685611165258
classification,46,momentum,16,0.1,A2-bn,42,32,early_stopping,0.0030248050432423214
classification,46,momentum,64,0.1,A2-bn,95,85,early_stopping,0.0009456366561745068
classification,46,momentum,16,0.001,A2-bn,100,100,max_epochs,0.040824518486467475
classification,46,momentum,64,0.001,A2-bn,100,100,max_epochs,0.17308820889399712
classification,46,adabelief,16,0.1,A2-bn,30,13,early_stopping,0.000581730762093248
classification,46,adabelief,64,0.1,A2-bn,30,11,early_stopping,5.7135725653653094e-05
classification,46,adabelief,16,0.001,A2-bn,38,28,early_stopping,0.002045655683686185
classification,46,adabelief,64,0.001,A2-bn,51,41,early_stopping,0.0012101353415390676
classification,46,muon,16,0.1,A2-bn,30,20,early_stopping,0.0037203681191105803
classification,46,muon,64,0.1,A2-bn,30,10,early_stopping,4.405053436876108e-05
classification,46,muon,16,0.001,A2-bn,34,24,early_stopping,0.0031911720410084717
classification,46,muon,64,0.001,A2-bn,85,75,early_stopping,0.0007267259316827306
classification,46,sgd,16,0.1,A1-dropout,100,100,max_epochs,0.032449749946015835
classification,46,sgd,64,0.1,A1-dropout,100,100,max_epochs,0.05768767631202503
classification,46,sgd,16,0.001,A1-dropout,100,100,max_epochs,0.6435189384707667
classification,46,sgd,64,0.001,A1-dropout,100,100,max_epochs,0.6725190192956757
classification,46,momentum,16,0.1,A1-dropout,100,100,max_epochs,0.03253816057896712
classification,46,momentum,64,0.1,A1-dropout,100,100,max_epochs,0.05786406552529354
classification,46,momentum,16,0.001,A1-dropout,100,100,max_epochs,0.6436326427217283
classification,46,momentum,64,0.001,A1-dropout,100,99,max_epochs,0.672674767069363
classification,46,adabelief,16,0.1,A1-dropout,30,16,early_stopping,0.023485902169342085
classification,46,adabelief,64,0.1,A1-dropout,61,51,early_stopping,0.018065691335851616
classification,46,adabelief,16,0.001,A1-dropout,100,100,max_epochs,0.03120767993134891
classification,46,adabelief,64,0.001,A1-dropout,100,100,max_epochs,0.03996848007967654
classification,46,muon,16,0.1,A1-dropout,33,23,early_stopping,0.02130151129974119
classification,46,muon,64,0.1,A1-dropout,40,30,early_stopping,0.016059224243887095
classification,46,muon,16,0.001,A1-dropout,100,100,max_epochs,0.0546498797103504
classification,46,muon,64,0.001,A1-dropout,100,100,max_epochs,0.4383285859892407
classification,46,sgd,16,0.1,A2-bn-dropout,50,40,early_stopping,0.00696213432837481
classification,46,sgd,64,0.1,A2-bn-dropout,42,32,early_stopping,0.007844839015944537
classification,46,sgd,16,0.001,A2-bn-dropout,100,100,max_epochs,0.0717861298250928
classification,46,sgd,64,0.001,A2-bn-dropout,100,100,max_epochs,0.30657748097550835
classification,46,momentum,16,0.1,A2-bn-dropout,30,16,early_stopping,0.006532469940985752
classification,46,momentum,64,0.1,A2-bn-dropout,43,33,early_stopping,0.00828891558327412
classification,46,momentum,16,0.001,A2-bn-dropout,100,100,max_epochs,0.071728787493896
classification,46,momentum,64,0.001,A2-bn-dropout,100,100,max_epochs,0.31046525205872566
classification,46,adabelief,16,0.1,A2-bn-dropout,30,14,early_stopping,0.007772509164403088
classification,46,adabelief,64,0.1,A2-bn-dropout,33,23,early_stopping,0.0001662941115995822
classification,46,adabelief,16,0.001,A2-bn-dropout,48,38,early_stopping,0.004529568120813804
classification,46,adabelief,64,0.001,A2-bn-dropout,62,52,early_stopping,0.001575652896683416
classification,46,muon,16,0.1,A2-bn-dropout,38,28,early_stopping,0.010195950326984967
classification,46,muon,64,0.1,A2-bn-dropout,39,29,early_stopping,0.0008888496309955153
classification,46,muon,16,0.001,A2-bn-dropout,57,47,early_stopping,0.00391413423777305
classification,46,muon,64,0.001,A2-bn-dropout,100,96,max_epochs,0.001431764367413464
classification,46,sgd,16,0.1,A2-clip,100,99,max_epochs,0.011341943992070893
classification,46,sgd,64,0.1,A2-clip,100,100,max_epochs,0.01940349715393484
classification,46,sgd,16,0.001,A2-clip,100,100,max_epochs,0.6913487237732726
classification,46,sgd,64,0.001,A2-clip,70,60,early_stopping,0.6945786200081068
classification,46,momentum,16,0.1,A2-clip,100,94,max_epochs,0.011784230989745268
classification,46,momentum,64,0.1,A2-clip,100,100,max_epochs,0.01947174594665316
classification,46,momentum,16,0.001,A2-clip,100,100,max_epochs,0.6913577296280784
classification,46,momentum,64,0.001,A2-clip,71,61,early_stopping,0.694574776101396
classification,46,adabelief,16,0.1,A2-clip,40,30,early_stopping,0.014747861237658718
classification,46,adabelief,64,0.1,A2-clip,30,5,early_stopping,0.02901184835945359
classification,46,adabelief,16,0.001,A2-clip,38,28,early_stopping,0.014793968350662854
classification,46,adabelief,64,0.001,A2-clip,56,46,early_stopping,0.014510105104623567
classification,46,muon,16,0.1,A2-clip,30,1,early_stopping,0.41556423721181907
classification,46,muon,64,0.1,A2-clip,30,14,early_stopping,0.07672902549583639
classification,46,muon,16,0.001,A2-clip,50,40,early_stopping,0.015215109031126035
classification,46,muon,64,0.001,A2-clip,100,100,max_epochs,0.03861141361346789
regression,42,sgd,16,0.1,A1,99,89,early_stopping,1.004549251258067
regression,42,sgd,64,0.1,A1,33,23,early_stopping,9.515247039274035
regression,42,sgd,16,0.001,A1,100,100,max_epochs,9.260737315580352
regression,42,sgd,64,0.001,A1,100,100,max_epochs,10.298946623248932
regression,42,momentum,16,0.1,A1,100,99,max_epochs,0.5735649768897273
regression,42,momentum,64,0.1,A1,100,99,max_epochs,4.08161737870863
regression,42,momentum,16,0.001,A1,100,100,max_epochs,9.264084046867497
regression,42,momentum,64,0.001,A1,100,100,max_epochs,10.307909293070727
regression,42,adabelief,16,0.1,A1,100,98,max_epochs,0.37454804087697924
regression,42,adabelief,64,0.1,A1,100,99,max_epochs,1.5120464064459982
regression,42,adabelief,16,0.001,A1,100,100,max_epochs,8.848874328805792
regression,42,adabelief,64,0.001,A1,100,100,max_epochs,9.38971579420493
regression,42,muon,16,0.1,A1,52,42,early_stopping,0.36451599310963456
regression,42,muon,64,0.1,A1,92,82,early_stopping,0.4360176255204426
regression,42,muon,16,0.001,A1,100,100,max_epochs,345.63550951426305
regression,42,muon,64,0.001,A1,100,100,max_epochs,534.9546746903426
regression,42,sgd,16,0.1,A2,30,1,early_stopping,602.1734974025975
regression,42,sgd,64,0.1,A2,30,2,early_stopping,602.1734974025975
regression,42,sgd,16,0.001,A2,99,89,early_stopping,2.7358361390948245
regression,42,sgd,64,0.001,A2,73,63,early_stopping,7.870551447252078
regression,42,momentum,16,0.1,A2,30,1,early_stopping,602.1734974025975
regression,42,momentum,64,0.1,A2,30,3,early_stopping,602.1734974025975
regression,42,momentum,16,0.001,A2,100,99,max_epochs,2.700931076236606
regression,42,momentum,64,0.001,A2,89,79,early_stopping,7.6821183326557065
regression,42,adabelief,16,0.1,A2,30,18,early_stopping,2.731151607068443
regression,42,adabelief,64,0.1,A2,61,51,early_stopping,2.1330547636176957
regression,42,adabelief,16,0.001,A2,59,49,early_stopping,7.470659614027525
regression,42,adabelief,64,0.001,A2,100,100,max_epochs,7.672041087585149
regression,42,muon,16,0.1,A2,30,18,early_stopping,5.34701590103545
regression,42,muon,64,0.1,A2,37,27,early_stopping,2.9643551282942515
regression,42,muon,16,0.001,A2,100,100,max_epochs,6.6492989457319736
regression,42,muon,64,0.001,A2,100,100,max_epochs,457.9488709677666
regression,42,sgd,16,0.1,A2-bias,1,1,diverged,nan
regression,42,sgd,64,0.1,A2-bias,78,68,early_stopping,101.4726648668436
regression,42,sgd,16,0.001,A2-bias,100,98,max_epochs,2.3632427527451907
regression,42,sgd,64,0.001,A2-bias,100,95,max_epochs,7.01538254843745
regression,42,momentum,16,0.1,A2-bias,30,15,early_stopping,101.6350350201473
regression,42,momentum,64,0.1,A2-bias,30,2,early_stopping,148.70676041255865
regression,42,momentum,16,0.001,A2-bias,100,100,max_epochs,2.2944034858976456
regression,42,momentum,64,0.001,A2-bias,90,80,early_stopping,7.602190618595629
regression,42,adabelief,16,0.1,A2-bias,43,33,early_stopping,0.8566689328741185
regression,42,adabelief,64,0.1,A2-bias,65,55,early_stopping,0.47485493339164214
regression,42,adabelief,16,0.001,A2-bias,59,49,early_stopping,7.753427409816811
regression,42,adabelief,64,0.001,A2-bias,90,80,early_stopping,8.005402356342541
regression,42,muon,16,0.1,A2-bias,31,21,early_stopping,5.086059580822922
regression,42,muon,64,0.1,A2-bias,30,19,early_stopping,3.3602948242097646
regression,42,muon,16,0.001,A2-bias,100,100,max_epochs,7.076515328233456
regression,42,muon,64,0.001,A2-bias,100,100,max_epochs,77.19302357627724
regression,42,sgd,16,0.1,A2-he,30,1,early_stopping,602.1734974025975
regression,42,sgd,64,0.1,A2-he,30,1,early_stopping,602.1734974025975
regression,42,sgd,16,0.001,A2-he,66,56,early_stopping,6.537794648297908
regression,42,sgd,64,0.001,A2-he,100,96,max_epochs,7.255470863889738
regression,42,momentum,16,0.1,A2-he,1,1,diverged,nan
regression,42,momentum,64,0.1,A2-he,30,1,early_stopping,602.2348926764937
regression,42,momentum,16,0.001,A2-he,75,65,early_stopping,6.291350868543916
regression,42,momentum,64,0.001,A2-he,100,97,max_epochs,7.131033664267233
regression,42,adabelief,16,0.1,A2-he,44,34,early_stopping,1.4930398388945525
regression,42,adabelief,64,0.1,A2-he,37,27,early_stopping,6.299437389574171
regression,42,adabelief,16,0.001,A2-he,100,100,max_epochs,3.6257428292479927
regression,42,adabelief,64,0.001,A2-he,100,98,max_epochs,6.885690881881424
regression,42,muon,16,0.1,A2-he,32,22,early_stopping,6.521812152028932
regression,42,muon,64,0.1,A2-he,35,25,early_stopping,4.698694381925164
regression,42,muon,16,0.001,A2-he,100,100,max_epochs,5.166851819333758
regression,42,muon,64,0.001,A2-he,100,100,max_epochs,64.21284927355683
regression,42,sgd,16,0.1,A2-bias-he,59,49,early_stopping,101.72764873521194
regression,42,sgd,64,0.1,A2-bias-he,62,52,early_stopping,101.68807841586528
regression,42,sgd,16,0.001,A2-bias-he,31,21,early_stopping,6.964543198919391
regression,42,sgd,64,0.001,A2-bias-he,100,96,max_epochs,7.1337362152642045
regression,42,momentum,16,0.1,A2-bias-he,1,1,diverged,nan
regression,42,momentum,64,0.1,A2-bias-he,30,9,early_stopping,101.74617741888089
regression,42,momentum,16,0.001,A2-bias-he,100,100,max_epochs,5.112895404506169
regression,42,momentum,64,0.001,A2-bias-he,100,99,max_epochs,7.1663790515466035
regression,42,adabelief,16,0.1,A2-bias-he,44,34,early_stopping,1.0988403643558549
regression,42,adabelief,64,0.1,A2-bias-he,100,98,max_epochs,0.5053306902307374
regression,42,adabelief,16,0.001,A2-bias-he,100,100,max_epochs,2.700454105438064
regression,42,adabelief,64,0.001,A2-bias-he,100,97,max_epochs,6.776904819514617
regression,42,muon,16,0.1,A2-bias-he,30,19,early_stopping,4.834681308830002
regression,42,muon,64,0.1,A2-bias-he,30,16,early_stopping,3.6861888948915884
regression,42,muon,16,0.001,A2-bias-he,100,100,max_epochs,0.614007449647371
regression,42,muon,64,0.001,A2-bias-he,100,100,max_epochs,10.259322296364973
regression,42,sgd,16,0.1,A2-bn,1,1,diverged,nan
regression,42,sgd,64,0.1,A2-bn,2,1,diverged,7.037064607501961e+123
regression,42,sgd,16,0.001,A2-bn,36,26,early_stopping,2.5973236623616884
regression,42,sgd,64,0.001,A2-bn,68,58,early_stopping,4.068466981896109
regression,42,momentum,16,0.1,A2-bn,30,4,early_stopping,6.828096968541251
regression,42,momentum,64,0.1,A2-bn,32,22,early_stopping,5.794840598821327
regression,42,momentum,16,0.001,A2-bn,69,59,early_stopping,1.4523460857058792
regression,42,momentum,64,0.001,A2-bn,42,32,early_stopping,4.622710501381956
regression,42,adabelief,16,0.1,A2-bn,39,29,early_stopping,3.160125263335378
regression,42,adabelief,64,0.1,A2-bn,57,47,early_stopping,1.2256399008671237
regression,42,adabelief,16,0.001,A2-bn,33,23,early_stopping,3.902497809334892
regression,42,adabelief,64,0.001,A2-bn,69,59,early_stopping,1.4166023669735006
regression,42,muon,16,0.1,A2-bn,36,26,early_stopping,1.64838017474554
regression,42,muon,64,0.1,A2-bn,35,25,early_stopping,2.123379784175365
regression,42,muon,16,0.001,A2-bn,100,96,max_epochs,1.2793171338471432
regression,42,muon,64,0.001,A2-bn,100,100,max_epochs,1.9453793834004276
regression,42,sgd,16,0.1,A1-dropout,30,20,early_stopping,7.2470369422083705
regression,42,sgd,64,0.1,A1-dropout,36,26,early_stopping,8.761147287839389
regression,42,sgd,16,0.001,A1-dropout,100,100,max_epochs,9.368605348604914
regression,42,sgd,64,0.001,A1-dropout,100,100,max_epochs,10.437947147775018
regression,42,momentum,16,0.1,A1-dropout,39,29,early_stopping,5.683460884780867
regression,42,momentum,64,0.1,A1-dropout,45,35,early_stopping,7.880555785992582
regression,42,momentum,16,0.001,A1-dropout,100,100,max_epochs,9.403347827621264
regression,42,momentum,64,0.001,A1-dropout,100,100,max_epochs,10.473293212552559
regression,42,adabelief,16,0.1,A1-dropout,72,62,early_stopping,3.243036299609726
regression,42,adabelief,64,0.1,A1-dropout,96,86,early_stopping,3.7189638938025635
regression,42,adabelief,16,0.001,A1-dropout,100,100,max_epochs,9.088498188995162
regression,42,adabelief,64,0.001,A1-dropout,100,100,max_epochs,9.870600777097419
regression,42,muon,16,0.1,A1-dropout,43,33,early_stopping,3.126324576721206
regression,42,muon,64,0.1,A1-dropout,91,81,early_stopping,3.3815493525480265
regression,42,muon,16,0.001,A1-dropout,100,100,max_epochs,345.87029083976523
regression,42,muon,64,0.001,A1-dropout,100,100,max_epochs,535.1996665470188
regression,42,sgd,16,0.1,A2-bn-dropout,1,1,diverged,nan
regression,42,sgd,64,0.1,A2-bn-dropout,30,3,early_stopping,602.1734974025975
regression,42,sgd,16,0.001,A2-bn-dropout,34,24,early_stopping,8.43460265541012
regression,42,sgd,64,0.001,A2-bn-dropout,30,15,early_stopping,9.467549725057458
regression,42,momentum,16,0.1,A2-bn-dropout,30,20,early_stopping,13.136453936880597
regression,42,momentum,64,0.1,A2-bn-dropout,66,56,early_stopping,7.735554680389205
regression,42,momentum,16,0.001,A2-bn-dropout,34,24,early_stopping,8.520658541282037
regression,42,momentum,64,0.001,A2-bn-dropout,42,32,early_stopping,8.68888616497024
regression,42,adabelief,16,0.1,A2-bn-dropout,35,25,early_stopping,6.803521082700538
regression,42,adabelief,64,0.1,A2-bn-dropout,34,24,early_stopping,6.679209021909777
regression,42,adabelief,16,0.001,A2-bn-dropout,56,46,early_stopping,6.304929486878416
regression,42,adabelief,64,0.001,A2-bn-dropout,63,53,early_stopping,7.863566588297999
regression,42,muon,16,0.1,A2-bn-dropout,37,27,early_stopping,6.944215983960774
regression,42,muon,64,0.1,A2-bn-dropout,66,56,early_stopping,4.530569568094629
regression,42,muon,16,0.001,A2-bn-dropout,93,83,early_stopping,5.561687614736642
regression,42,muon,64,0.001,A2-bn-dropout,100,99,max_epochs,13.121458055545482
regression,42,sgd,16,0.1,A2-clip,31,21,early_stopping,109.82810661314821
regression,42,sgd,64,0.1,A2-clip,30,12,early_stopping,80.72942819885503
regression,42,sgd,16,0.001,A2-clip,100,100,max_epochs,6.3386058742987625
regression,42,sgd,64,0.001,A2-clip,100,97,max_epochs,7.600919351283508
regression,42,momentum,16,0.1,A2-clip,64,54,early_stopping,4.94022357025175
regression,42,momentum,64,0.1,A2-clip,31,21,early_stopping,8.483642193908086
regression,42,momentum,16,0.001,A2-clip,100,100,max_epochs,6.485112999341684
regression,42,momentum,64,0.001,A2-clip,100,96,max_epochs,7.639935542295938
regression,42,adabelief,16,0.1,A2-clip,33,23,early_stopping,3.5440491602737763
regression,42,adabelief,64,0.1,A2-clip,30,9,early_stopping,9.198633674414934
regression,42,adabelief,16,0.001,A2-clip,100,100,max_epochs,2.5096885122584753
regression,42,adabelief,64,0.001,A2-clip,100,96,max_epochs,7.137113255847772
regression,42,muon,16,0.1,A2-clip,39,29,early_stopping,3.202882621273036
regression,42,muon,64,0.1,A2-clip,30,20,early_stopping,4.89005456860152
regression,42,muon,16,0.001,A2-clip,100,100,max_epochs,6.626787524636353
regression,42,muon,64,0.001,A2-clip,100,100,max_epochs,457.7863740082121
regression,43,sgd,16,0.1,A1,49,39,early_stopping,10.333131567259832
regression,43,sgd,64,0.1,A1,30,14,early_stopping,11.381175452026223
regression,43,sgd,16,0.001,A1,100,100,max_epochs,11.322693798157383
regression,43,sgd,64,0.001,A1,100,100,max_epochs,12.645238624010712
regression,43,momentum,16,0.1,A1,100,100,max_epochs,0.7559637174805997
regression,43,momentum,64,0.1,A1,65,55,early_stopping,9.031244616745239
regression,43,momentum,16,0.001,A1,100,99,max_epochs,11.346213099471383
regression,43,momentum,64,0.001,A1,100,99,max_epochs,12.663003557507981
regression,43,adabelief,16,0.1,A1,90,80,early_stopping,0.4929675578801502
regression,43,adabelief,64,0.1,A1,100,98,max_epochs,2.8960755776053833
regression,43,adabelief,16,0.001,A1,100,98,max_epochs,10.841420577592437
regression,43,adabelief,64,0.001,A1,100,99,max_epochs,11.525439270793465
regression,43,muon,16,0.1,A1,55,45,early_stopping,0.3115167440289126
regression,43,muon,64,0.1,A1,100,96,max_epochs,0.35081350385363513
regression,43,muon,16,0.001,A1,100,100,max_epochs,362.24980356615043
regression,43,muon,64,0.001,A1,100,100,max_epochs,548.8624808184293
regression,43,sgd,16,0.1,A2,1,1,diverged,nan
regression,43,sgd,64,0.1,A2,2,1,diverged,1.4991101034818768e+42
regression,43,sgd,16,0.001,A2,38,28,early_stopping,9.107279441442708
regression,43,sgd,64,0.001,A2,50,40,early_stopping,9.363215907870416
regression,43,momentum,16,0.1,A2,1,1,diverged,nan
regression,43,momentum,64,0.1,A2,3,1,diverged,603.3779936479156
regression,43,momentum,16,0.001,A2,31,21,early_stopping,9.311924731557562
regression,43,momentum,64,0.001,A2,52,42,early_stopping,9.339500287098101
regression,43,adabelief,16,0.1,A2,44,34,early_stopping,3.9979168837080548
regression,43,adabelief,64,0.1,A2,71,61,early_stopping,3.0289693264888222
regression,43,adabelief,16,0.001,A2,100,97,max_epochs,6.839322893497784
regression,43,adabelief,64,0.001,A2,100,96,max_epochs,8.96035448699888
regression,43,muon,16,0.1,A2,52,42,early_stopping,4.257637800066231
regression,43,muon,64,0.1,A2,51,41,early_stopping,3.6676848841971643
regression,43,muon,16,0.001,A2,100,100,max_epochs,9.228334878540684
regression,43,muon,64,0.001,A2,100,100,max_epochs,478.29357361258764
regression,43,sgd,16,0.1,A2-bias,30,1,early_stopping,5.619270034171933e+161
regression,43,sgd,64,0.1,A2-bias,1,1,diverged,nan
regression,43,sgd,16,0.001,A2-bias,30,20,early_stopping,8.89674172001551
regression,43,sgd,64,0.001,A2-bias,53,43,early_stopping,9.112854767104599
regression,43,momentum,16,0.1,A2-bias,30,20,early_stopping,103.39842264652366
regression,43,momentum,64,0.1,A2-bias,30,17,early_stopping,103.40061469129623
regression,43,momentum,16,0.001,A2-bias,35,25,early_stopping,8.78079456166277
regression,43,momentum,64,0.001,A2-bias,55,45,early_stopping,9.323277323665453
regression,43,adabelief,16,0.1,A2-bias,46,36,early_stopping,0.8366865381251596
regression,43,adabelief,64,0.1,A2-bias,35,25,early_stopping,103.40557968999477
regression,43,adabelief,16,0.001,A2-bias,100,97,max_epochs,7.060108654082029
regression,43,adabelief,64,0.001,A2-bias,100,96,max_epochs,8.764045231594947
regression,43,muon,16,0.1,A2-bias,45,35,early_stopping,4.023546568024534
regression,43,muon,64,0.1,A2-bias,31,21,early_stopping,3.5650423955959774
regression,43,muon,16,0.001,A2-bias,100,100,max_epochs,6.94551615626638
regression,43,muon,64,0.001,A2-bias,100,100,max_epochs,80.96727965764218
regression,43,sgd,16,0.1,A2-he,30,1,early_stopping,603.7911948051948
regression,43,sgd,64,0.1,A2-he,1,1,diverged,nan
regression,43,sgd,16,0.001,A2-he,30,20,early_stopping,6.879172226965735
regression,43,sgd,64,0.001,A2-he,60,50,early_stopping,7.140576995882526
regression,43,momentum,16,0.1,A2-he,30,1,early_stopping,603.7911948051948
regression,43,momentum,64,0.1,A2-he,30,1,early_stopping,603.7911948051948
regression,43,momentum,16,0.001,A2-he,100,99,max_epochs,3.20740273459072
regression,43,momentum,64,0.001,A2-he,82,72,early_stopping,6.952698092550802
regression,43,adabelief,16,0.1,A2-he,30,19,early_stopping,3.0077264486673823
regression,43,adabelief,64,0.1,A2-he,42,32,early_stopping,3.500829937230209
regression,43,adabelief,16,0.001,A2-he,100,98,max_epochs,2.635303137590952
regression,43,adabelief,64,0.001,A2-he,100,95,max_epochs,6.765421806985574
regression,43,muon,16,0.1,A2-he,46,36,early_stopping,2.5132080374073458
regression,43,muon,64,0.1,A2-he,35,25,early_stopping,5.823986655717033
regression,43,muon,16,0.001,A2-he,100,100,max_epochs,4.82991517128147
regression,43,muon,64,0.001,A2-he,100,100,max_epochs,81.13354886962553
regression,43,sgd,16,0.1,A2-bias-he,1,1,diverged,nan
regression,43,sgd,64,0.1,A2-bias-he,1,1,diverged,nan
regression,43,sgd,16,0.001,A2-bias-he,38,28,early_stopping,6.343166657563937
regression,43,sgd,64,0.001,A2-bias-he,60,50,early_stopping,7.001233379323442
regression,43,momentum,16,0.1,A2-bias-he,100,100,max_epochs,39484508.74217002
regression,43,momentum,64,0.1,A2-bias-he,33,23,early_stopping,103.42616906983358
regression,43,momentum,16,0.001,A2-bias-he,100,99,max_epochs,3.2417171286465516
regression,43,momentum,64,0.001,A2-bias-he,100,95,max_epochs,6.479457636303102
regression,43,adabelief,16,0.1,A2-bias-he,65,55,early_stopping,0.38937700723030116
regression,43,adabelief,64,0.1,A2-bias-he,75,65,early_stopping,0.4722777766748987
regression,43,adabelief,16,0.001,A2-bias-he,100,99,max_epochs,2.0117356410034213
regression,43,adabelief,64,0.001,A2-bias-he,100,95,max_epochs,6.821879824606294
regression,43,muon,16,0.1,A2-bias-he,30,8,early_stopping,6.203266246134172
regression,43,muon,64,0.1,A2-bias-he,41,31,early_stopping,2.4822128036215494
regression,43,muon,16,0.001,A2-bias-he,100,100,max_epochs,2.384558043273742
regression,43,muon,64,0.001,A2-bias-he,100,100,max_epochs,10.329433149190878
regression,43,sgd,16,0.1,A2-bn,1,1,diverged,inf
regression,43,sgd,64,0.1,A2-bn,2,1,diverged,1.7693157898748023e+280
regression,43,sgd,16,0.001,A2-bn,49,39,early_stopping,2.126190593078974
regression,43,sgd,64,0.001,A2-bn,45,35,early_stopping,2.9303586272310875
regression,43,momentum,16,0.1,A2-bn,42,32,early_stopping,8.985391687061203
regression,43,momentum,64,0.1,A2-bn,60,50,early_stopping,4.248974213837896
regression,43,momentum,16,0.001,A2-bn,51,41,early_stopping,2.857718219061584
regression,43,momentum,64,0.001,A2-bn,77,67,early_stopping,1.4091707195329557
regression,43,adabelief,16,0.1,A2-bn,42,32,early_stopping,4.037220574976783
regression,43,adabelief,64,0.1,A2-bn,60,50,early_stopping,2.3829228482668943
regression,43,adabelief,16,0.001,A2-bn,48,38,early_stopping,2.6538500829715583
regression,43,adabelief,64,0.001,A2-bn,100,99,max_epochs,1.824073357722583
regression,43,muon,16,0.1,A2-bn,34,24,early_stopping,3.2514587897405325
regression,43,muon,64,0.1,A2-bn,61,51,early_stopping,0.9308997230715698
regression,43,muon,16,0.001,A2-bn,81,71,early_stopping,1.176600601109046
regression,43,muon,64,0.001,A2-bn,100,100,max_epochs,3.2212500137799216
regression,43,sgd,16,0.1,A1-dropout,30,14,early_stopping,9.772906256606245
regression,43,sgd,64,0.1,A1-dropout,30,8,early_stopping,12.284685838182355
regression,43,sgd,16,0.001,A1-dropout,93,83,early_stopping,11.554594793880481
regression,43,sgd,64,0.001,A1-dropout,100,98,max_epochs,12.765069705643114
regression,43,momentum,16,0.1,A1-dropout,30,20,early_stopping,8.615183902967093
regression,43,momentum,64,0.1,A1-dropout,84,74,early_stopping,8.72635859447742
regression,43,momentum,16,0.001,A1-dropout,72,62,early_stopping,11.870886583121484
regression,43,momentum,64,0.001,A1-dropout,100,99,max_epochs,12.765031619776092
regression,43,adabelief,16,0.1,A1-dropout,73,63,early_stopping,4.497613195034316
regression,43,adabelief,64,0.1,A1-dropout,54,44,early_stopping,8.173157214084496
regression,43,adabelief,16,0.001,A1-dropout,72,62,early_stopping,11.35833329529223
regression,43,adabelief,64,0.001,A1-dropout,100,99,max_epochs,12.022580437162643
regression,43,muon,16,0.1,A1-dropout,58,48,early_stopping,1.9288187387629776
regression,43,muon,64,0.1,A1-dropout,71,61,early_stopping,3.8760059531817954
regression,43,muon,16,0.001,A1-dropout,100,100,max_epochs,361.8738440503466
regression,43,muon,64,0.001,A1-dropout,100,100,max_epochs,548.9432506960892
regression,43,sgd,16,0.1,A2-bn-dropout,1,1,diverged,nan
regression,43,sgd,64,0.1,A2-bn-dropout,2,1,diverged,2.1312131591412837e+72
regression,43,sgd,16,0.001,A2-bn-dropout,74,64,early_stopping,5.277922006040205
regression,43,sgd,64,0.001,A2-bn-dropout,43,33,early_stopping,8.414740414791115
regression,43,momentum,16,0.1,A2-bn-dropout,30,14,early_stopping,12.498497264630439
regression,43,momentum,64,0.1,A2-bn-dropout,43,33,early_stopping,11.573673780161519
regression,43,momentum,16,0.001,A2-bn-dropout,41,31,early_stopping,7.880604188731985
regression,43,momentum,64,0.001,A2-bn-dropout,60,50,early_stopping,7.701101868429757
regression,43,adabelief,16,0.1,A2-bn-dropout,30,5,early_stopping,9.10930395926254
regression,43,adabelief,64,0.1,A2-bn-dropout,73,63,early_stopping,4.595881286044736
regression,43,adabelief,16,0.001,A2-bn-dropout,64,54,early_stopping,7.217528528875311
regression,43,adabelief,64,0.001,A2-bn-dropout,100,100,max_epochs,5.672694075365333
regression,43,muon,16,0.1,A2-bn-dropout,30,13,early_stopping,8.369087556917755
regression,43,muon,64,0.1,A2-bn-dropout,56,46,early_stopping,7.627322946428773
regression,43,muon,16,0.001,A2-bn-dropout,79,69,early_stopping,7.272641519452026
regression,43,muon,64,0.001,A2-bn-dropout,100,100,max_epochs,15.862584220234572
regression,43,sgd,16,0.1,A2-clip,30,19,early_stopping,108.93102141914179
regression,43,sgd,64,0.1,A2-clip,30,15,early_stopping,73.70177390943854
regression,43,sgd,16,0.001,A2-clip,51,41,early_stopping,9.27151181266706
regression,43,sgd,64,0.001,A2-clip,81,71,early_stopping,9.276143393181544
regression,43,momentum,16,0.1,A2-clip,42,32,early_stopping,9.664841447621349
regression,43,momentum,64,0.1,A2-clip,56,46,early_stopping,11.262244774611908
regression,43,momentum,16,0.001,A2-clip,44,34,early_stopping,9.360293120861915
regression,43,momentum,64,0.001,A2-clip,85,75,early_stopping,9.193356768839596
regression,43,adabelief,16,0.1,A2-clip,70,60,early_stopping,3.755377628316216
regression,43,adabelief,64,0.1,A2-clip,35,25,early_stopping,10.317636264365177
regression,43,adabelief,16,0.001,A2-clip,63,53,early_stopping,8.92637881045576
regression,43,adabelief,64,0.001,A2-clip,84,74,early_stopping,9.243152990410612
regression,43,muon,16,0.1,A2-clip,39,29,early_stopping,4.142923242568562
regression,43,muon,64,0.1,A2-clip,30,18,early_stopping,4.127054140596384
regression,43,muon,16,0.001,A2-clip,100,100,max_epochs,9.140045928954708
regression,43,muon,64,0.001,A2-clip,100,100,max_epochs,478.4274751938386
regression,44,sgd,16,0.1,A1,58,48,early_stopping,9.494842330630906
regression,44,sgd,64,0.1,A1,32,22,early_stopping,10.269131934893863
regression,44,sgd,16,0.001,A1,100,100,max_epochs,10.901439782763125
regression,44,sgd,64,0.001,A1,100,100,max_epochs,12.084338130824698
regression,44,momentum,16,0.1,A1,100,97,max_epochs,0.8414499826210788
regression,44,momentum,64,0.1,A1,100,100,max_epochs,4.656617223719136
regression,44,momentum,16,0.001,A1,100,100,max_epochs,10.891688646842402
regression,44,momentum,64,0.001,A1,100,100,max_epochs,12.092905148786873
regression,44,adabelief,16,0.1,A1,83,73,early_stopping,0.7504225013556136
regression,44,adabelief,64,0.1,A1,100,97,max_epochs,2.4200854248187933
regression,44,adabelief,16,0.001,A1,100,100,max_epochs,10.392027201809015
regression,44,adabelief,64,0.001,A1,100,98,max_epochs,11.007402425395183
regression,44,muon,16,0.1,A1,42,32,early_stopping,0.3629856393687071
regression,44,muon,64,0.1,A1,67,57,early_stopping,0.34174031545261085
regression,44,muon,16,0.001,A1,100,100,max_epochs,370.421477133749
regression,44,muon,64,0.001,A1,100,100,max_epochs,563.4638234486406
regression,44,sgd,16,0.1,A2,1,1,diverged,nan
regression,44,sgd,64,0.1,A2,2,1,diverged,1.807291674911466e+166
regression,44,sgd,16,0.001,A2,30,17,early_stopping,9.968583857894894
regression,44,sgd,64,0.001,A2,60,50,early_stopping,9.745774950586952
regression,44,momentum,16,0.1,A2,30,2,early_stopping,622.3539740259739
regression,44,momentum,64,0.1,A2,30,1,early_stopping,622.3539740259739
regression,44,momentum,16,0.001,A2,38,28,early_stopping,9.518341154785709
regression,44,momentum,64,0.001,A2,61,51,early_stopping,10.097227007952307
regression,44,adabelief,16,0.1,A2,76,66,early_stopping,1.1332451211582968
regression,44,adabelief,64,0.1,A2,54,44,early_stopping,3.0922065660679667
regression,44,adabelief,16,0.001,A2,64,54,early_stopping,9.691681160845436
regression,44,adabelief,64,0.001,A2,100,97,max_epochs,8.93861754999968
regression,44,muon,16,0.1,A2,33,23,early_stopping,5.806684910267875
regression,44,muon,64,0.1,A2,32,22,early_stopping,4.191581473086381
regression,44,muon,16,0.001,A2,100,100,max_epochs,10.152181625082752
regression,44,muon,64,0.001,A2,100,100,max_epochs,495.21158131560185
regression,44,sgd,16,0.1,A2-bias,1,1,diverged,nan
regression,44,sgd,64,0.1,A2-bias,1,1,diverged,nan
regression,44,sgd,16,0.001,A2-bias,100,100,max_epochs,2.9543710733583364
regression,44,sgd,64,0.001,A2-bias,60,50,early_stopping,9.273440169165639
regression,44,momentum,16,0.1,A2-bias,1,1,diverged,nan
regression,44,momentum,64,0.1,A2-bias,33,23,early_stopping,102.10649280974472
regression,44,momentum,16,0.001,A2-bias,30,20,early_stopping,9.273576342114994
regression,44,momentum,64,0.001,A2-bias,63,53,early_stopping,9.320311674519827
regression,44,adabelief,16,0.1,A2-bias,38,28,early_stopping,0.9070537419086797
regression,44,adabelief,64,0.1,A2-bias,100,100,max_epochs,0.8053268370617682
regression,44,adabelief,16,0.001,A2-bias,100,98,max_epochs,3.7486270010702154
regression,44,adabelief,64,0.001,A2-bias,100,97,max_epochs,7.504243246229676
regression,44,muon,16,0.1,A2-bias,35,25,early_stopping,3.7434887260634513
regression,44,muon,64,0.1,A2-bias,30,20,early_stopping,3.3907221220098913
regression,44,muon,16,0.001,A2-bias,100,100,max_epochs,8.628006550392486
regression,44,muon,64,0.001,A2-bias,100,100,max_epochs,76.7583927762163
regression,44,sgd,16,0.1,A2-he,30,1,early_stopping,622.3539740259739
regression,44,sgd,64,0.1,A2-he,30,1,early_stopping,622.3539740259739
regression,44,sgd,16,0.001,A2-he,32,22,early_stopping,8.355073395825869
regression,44,sgd,64,0.001,A2-he,64,54,early_stopping,8.509803224318343
regression,44,momentum,16,0.1,A2-he,30,1,early_stopping,622.3539740259739
regression,44,momentum,64,0.1,A2-he,30,2,early_stopping,622.3539740259739
regression,44,momentum,16,0.001,A2-he,100,100,max_epochs,3.7888412174783213
regression,44,momentum,64,0.001,A2-he,100,94,max_epochs,8.079139793208462
regression,44,adabelief,16,0.1,A2-he,45,35,early_stopping,3.796462885228409
regression,44,adabelief,64,0.1,A2-he,96,86,early_stopping,1.3679732805064215
regression,44,adabelief,16,0.001,A2-he,100,100,max_epochs,1.9629260996670952
regression,44,adabelief,64,0.001,A2-he,100,95,max_epochs,6.9832839798232715
regression,44,muon,16,0.1,A2-he,41,31,early_stopping,4.895193787244348
regression,44,muon,64,0.1,A2-he,38,28,early_stopping,3.425064794486917
regression,44,muon,16,0.001,A2-he,100,100,max_epochs,5.46017854149216
regression,44,muon,64,0.001,A2-he,100,100,max_epochs,89.7968958938118
regression,44,sgd,16,0.1,A2-bias-he,48,38,early_stopping,103.45411429198971
regression,44,sgd,64,0.1,A2-bias-he,100,96,max_epochs,102.49481686534523
regression,44,sgd,16,0.001,A2-bias-he,32,22,early_stopping,8.423450389466423
regression,44,sgd,64,0.001,A2-bias-he,64,54,early_stopping,8.764512414912918
regression,44,momentum,16,0.1,A2-bias-he,100,100,max_epochs,1.2501019337818494e+17
regression,44,momentum,64,0.1,A2-bias-he,2,1,diverged,2.9596349556919992e+19
regression,44,momentum,16,0.001,A2-bias-he,100,100,max_epochs,3.9359802707306835
regression,44,momentum,64,0.001,A2-bias-he,74,64,early_stopping,8.636798626873903
regression,44,adabelief,16,0.1,A2-bias-he,38,28,early_stopping,1.8333968409194044
regression,44,adabelief,64,0.1,A2-bias-he,36,26,early_stopping,3.6918415411537087
regression,44,adabelief,16,0.001,A2-bias-he,100,100,max_epochs,1.436389890637146
regression,44,adabelief,64,0.001,A2-bias-he,100,100,max_epochs,6.632860818248798
regression,44,muon,16,0.1,A2-bias-he,30,14,early_stopping,3.1095379577970714
regression,44,muon,64,0.1,A2-bias-he,42,32,early_stopping,3.568198855350928
regression,44,muon,16,0.001,A2-bias-he,100,100,max_epochs,0.6575698892225096
regression,44,muon,64,0.001,A2-bias-he,100,100,max_epochs,10.290682657642016
regression,44,sgd,16,0.1,A2-bn,1,1,diverged,nan
regression,44,sgd,64,0.1,A2-bn,1,1,diverged,inf
regression,44,sgd,16,0.001,A2-bn,52,42,early_stopping,2.453932697979969
regression,44,sgd,64,0.001,A2-bn,76,66,early_stopping,1.5865448250841905
regression,44,momentum,16,0.1,A2-bn,31,21,early_stopping,7.110296943853547
regression,44,momentum,64,0.1,A2-bn,46,36,early_stopping,5.065439723958992
regression,44,momentum,16,0.001,A2-bn,44,34,early_stopping,2.424745253114152
regression,44,momentum,64,0.001,A2-bn,72,62,early_stopping,1.4119902395738027
regression,44,adabelief,16,0.1,A2-bn,60,50,early_stopping,3.4239133552798964
regression,44,adabelief,64,0.1,A2-bn,76,66,early_stopping,1.8353834708170544
regression,44,adabelief,16,0.001,A2-bn,58,48,early_stopping,2.270973028719961
regression,44,adabelief,64,0.001,A2-bn,53,43,early_stopping,6.672615822158712
regression,44,muon,16,0.1,A2-bn,69,59,early_stopping,1.8339315110608139
regression,44,muon,64,0.1,A2-bn,34,24,early_stopping,1.49593966611429
regression,44,muon,16,0.001,A2-bn,72,62,early_stopping,1.4853699643409626
regression,44,muon,64,0.001,A2-bn,100,100,max_epochs,1.7611511816005165
regression,44,sgd,16,0.1,A1-dropout,33,23,early_stopping,16.351185479170532
regression,44,sgd,64,0.1,A1-dropout,30,13,early_stopping,9.374246083897672
regression,44,sgd,16,0.001,A1-dropout,100,100,max_epochs,11.017959115439247
regression,44,sgd,64,0.001,A1-dropout,100,100,max_epochs,12.233594676716283
regression,44,momentum,16,0.1,A1-dropout,69,59,early_stopping,4.963948730258015
regression,44,momentum,64,0.1,A1-dropout,41,31,early_stopping,9.478075782873155
regression,44,momentum,16,0.001,A1-dropout,100,100,max_epochs,10.997427427636094
regression,44,momentum,64,0.001,A1-dropout,100,100,max_epochs,12.245892255372299
regression,44,adabelief,16,0.1,A1-dropout,77,67,early_stopping,2.874802038351385
regression,44,adabelief,64,0.1,A1-dropout,100,96,max_epochs,4.415670437258012
regression,44,adabelief,16,0.001,A1-dropout,100,98,max_epochs,10.49537901904355
regression,44,adabelief,64,0.001,A1-dropout,100,100,max_epochs,11.59241438421944
regression,44,muon,16,0.1,A1-dropout,68,58,early_stopping,2.0787647486796086
regression,44,muon,64,0.1,A1-dropout,95,85,early_stopping,2.0029776101521586
regression,44,muon,16,0.001,A1-dropout,100,100,max_epochs,369.54222741952196
regression,44,muon,64,0.001,A1-dropout,100,100,max_epochs,563.3485097603661
regression,44,sgd,16,0.1,A2-bn-dropout,1,1,diverged,nan
regression,44,sgd,64,0.1,A2-bn-dropout,2,1,diverged,2.2933116692567814e+200
regression,44,sgd,16,0.001,A2-bn-dropout,39,29,early_stopping,8.363395326040688
regression,44,sgd,64,0.001,A2-bn-dropout,34,24,early_stopping,10.392612235236454
regression,44,momentum,16,0.1,A2-bn-dropout,30,15,early_stopping,17.56639184572149
regression,44,momentum,64,0.1,A2-bn-dropout,43,33,early_stopping,8.805154192956081
regression,44,momentum,16,0.001,A2-bn-dropout,32,22,early_stopping,8.360378393659502
regression,44,momentum,64,0.001,A2-bn-dropout,30,19,early_stopping,9.891927714050402
regression,44,adabelief,16,0.1,A2-bn-dropout,33,23,early_stopping,7.898591623108823
regression,44,adabelief,64,0.1,A2-bn-dropout,30,16,early_stopping,8.28840286438922
regression,44,adabelief,16,0.001,A2-bn-dropout,48,38,early_stopping,7.7412522464009506
regression,44,adabelief,64,0.001,A2-bn-dropout,53,43,early_stopping,8.772863047572828
regression,44,muon,16,0.1,A2-bn-dropout,51,41,early_stopping,6.698755565757201
regression,44,muon,64,0.1,A2-bn-dropout,33,23,early_stopping,7.259006791568202
regression,44,muon,16,0.001,A2-bn-dropout,88,78,early_stopping,6.847382879083168
regression,44,muon,64,0.001,A2-bn-dropout,100,100,max_epochs,11.804048760820631
regression,44,sgd,16,0.1,A2-clip,30,6,early_stopping,73.05286845359663
regression,44,sgd,64,0.1,A2-clip,30,18,early_stopping,63.10973273628793
regression,44,sgd,16,0.001,A2-clip,58,48,early_stopping,9.346194974200658
regression,44,sgd,64,0.001,A2-clip,72,62,early_stopping,9.85260863128971
regression,44,momentum,16,0.1,A2-clip,30,17,early_stopping,9.764547670412565
regression,44,momentum,64,0.1,A2-clip,30,17,early_stopping,12.563040123008815
regression,44,momentum,16,0.001,A2-clip,46,36,early_stopping,9.82916429437566
regression,44,momentum,64,0.001,A2-clip,74,64,early_stopping,10.290419507891306
regression,44,adabelief,16,0.1,A2-clip,53,43,early_stopping,8.923617221362399
regression,44,adabelief,64,0.1,A2-clip,61,51,early_stopping,4.193001816205682
regression,44,adabelief,16,0.001,A2-clip,100,100,max_epochs,4.3512872725474985
regression,44,adabelief,64,0.001,A2-clip,100,98,max_epochs,8.493902630075011
regression,44,muon,16,0.1,A2-clip,42,32,early_stopping,5.943522275969349
regression,44,muon,64,0.1,A2-clip,55,45,early_stopping,2.262003317836531
regression,44,muon,16,0.001,A2-clip,100,100,max_epochs,9.965382570124625
regression,44,muon,64,0.001,A2-clip,100,100,max_epochs,495.53184553315106
regression,45,sgd,16,0.1,A1,77,67,early_stopping,1.4462357086168733
regression,45,sgd,64,0.1,A1,54,44,early_stopping,7.352881258907759
regression,45,sgd,16,0.001,A1,100,100,max_epochs,8.878084116170381
regression,45,sgd,64,0.001,A1,100,100,max_epochs,9.289657623228992
regression,45,momentum,16,0.1,A1,100,94,max_epochs,0.516145054047685
regression,45,momentum,64,0.1,A1,100,100,max_epochs,4.488176976579616
regression,45,momentum,16,0.001,A1,100,100,max_epochs,8.88049300174724
regression,45,momentum,64,0.001,A1,100,100,max_epochs,9.297528714390744
regression,45,adabelief,16,0.1,A1,83,73,early_stopping,0.49263800481133846
regression,45,adabelief,64,0.1,A1,100,96,max_epochs,1.5153258404658831
regression,45,adabelief,16,0.001,A1,100,96,max_epochs,8.831596225433318
regression,45,adabelief,64,0.001,A1,100,100,max_epochs,9.00976047235642
regression,45,muon,16,0.1,A1,66,56,early_stopping,0.5564308621370163
regression,45,muon,64,0.1,A1,89,79,early_stopping,0.2964677544570081
regression,45,muon,16,0.001,A1,100,100,max_epochs,329.586441993695
regression,45,muon,64,0.001,A1,100,100,max_epochs,520.1441472382327
regression,45,sgd,16,0.1,A2,30,1,early_stopping,600.8775967532467
regression,45,sgd,64,0.1,A2,1,1,diverged,nan
regression,45,sgd,16,0.001,A2,30,16,early_stopping,8.970098088443912
regression,45,sgd,64,0.001,A2,54,44,early_stopping,9.163989958377357
regression,45,momentum,16,0.1,A2,1,1,diverged,nan
regression,45,momentum,64,0.1,A2,30,2,early_stopping,600.7891242497736
regression,45,momentum,16,0.001,A2,30,10,early_stopping,9.668675641410344
regression,45,momentum,64,0.001,A2,59,49,early_stopping,8.882057817808024
regression,45,adabelief,16,0.1,A2,53,43,early_stopping,1.4775723274629389
regression,45,adabelief,64,0.1,A2,30,16,early_stopping,9.040994733801124
regression,45,adabelief,16,0.001,A2,66,56,early_stopping,8.68958025864554
regression,45,adabelief,64,0.001,A2,100,91,max_epochs,9.055420761045555
regression,45,muon,16,0.1,A2,39,29,early_stopping,4.397376246817788
regression,45,muon,64,0.1,A2,45,35,early_stopping,3.619421707840549
regression,45,muon,16,0.001,A2,100,100,max_epochs,8.887359191868311
regression,45,muon,64,0.001,A2,100,100,max_epochs,462.098992414485
regression,45,sgd,16,0.1,A2-bias,1,1,diverged,nan
regression,45,sgd,64,0.1,A2-bias,1,1,diverged,nan
regression,45,sgd,16,0.001,A2-bias,54,44,early_stopping,8.532489965372921
regression,45,sgd,64,0.001,A2-bias,54,44,early_stopping,8.850224994816735
regression,45,momentum,16,0.1,A2-bias,1,1,diverged,nan
regression,45,momentum,64,0.1,A2-bias,43,33,early_stopping,13.220975348491956
regression,45,momentum,16,0.001,A2-bias,59,49,early_stopping,8.23101653565216
regression,45,momentum,64,0.001,A2-bias,69,59,early_stopping,8.510597901183692
regression,45,adabelief,16,0.1,A2-bias,61,51,early_stopping,0.5481730816352964
regression,45,adabelief,64,0.1,A2-bias,65,55,early_stopping,2.489726573072041
regression,45,adabelief,16,0.001,A2-bias,100,100,max_epochs,3.89822263315004
regression,45,adabelief,64,0.001,A2-bias,91,81,early_stopping,8.950408402944324
regression,45,muon,16,0.1,A2-bias,36,26,early_stopping,3.9319739259656883
regression,45,muon,64,0.1,A2-bias,39,29,early_stopping,2.510524662388905
regression,45,muon,16,0.001,A2-bias,100,98,max_epochs,6.774755364929999
regression,45,muon,64,0.001,A2-bias,100,100,max_epochs,71.59788151663261
regression,45,sgd,16,0.1,A2-he,1,1,diverged,nan
regression,45,sgd,64,0.1,A2-he,1,1,diverged,nan
regression,45,sgd,16,0.001,A2-he,100,98,max_epochs,5.2646664445602305
regression,45,sgd,64,0.001,A2-he,71,61,early_stopping,8.737043219933478
regression,45,momentum,16,0.1,A2-he,30,1,early_stopping,600.8775967532467
regression,45,momentum,64,0.1,A2-he,30,2,early_stopping,600.8775967532467
regression,45,momentum,16,0.001,A2-he,90,80,early_stopping,5.589604118818372
regression,45,momentum,64,0.001,A2-he,59,49,early_stopping,8.674101773854703
regression,45,adabelief,16,0.1,A2-he,48,38,early_stopping,2.8148410602667644
regression,45,adabelief,64,0.1,A2-he,30,16,early_stopping,9.031372772411988
regression,45,adabelief,16,0.001,A2-he,100,99,max_epochs,2.065886341491004
regression,45,adabelief,64,0.001,A2-he,100,100,max_epochs,7.156008494168287
regression,45,muon,16,0.1,A2-he,30,19,early_stopping,6.496779483948222
regression,45,muon,64,0.1,A2-he,33,23,early_stopping,4.1652824154467005
regression,45,muon,16,0.001,A2-he,100,100,max_epochs,4.628822641557017
regression,45,muon,64,0.001,A2-he,100,100,max_epochs,45.14076717434813
regression,45,sgd,16,0.1,A2-bias-he,1,1,diverged,nan
regression,45,sgd,64,0.1,A2-bias-he,1,1,diverged,nan
regression,45,sgd,16,0.001,A2-bias-he,100,98,max_epochs,4.0572981870224005
regression,45,sgd,64,0.001,A2-bias-he,49,39,early_stopping,10.037705483803133
regression,45,momentum,16,0.1,A2-bias-he,1,1,diverged,nan
regression,45,momentum,64,0.1,A2-bias-he,30,13,early_stopping,106.51029668942789
regression,45,momentum,16,0.001,A2-bias-he,100,99,max_epochs,3.2555903898479164
regression,45,momentum,64,0.001,A2-bias-he,59,49,early_stopping,8.662424243250227
regression,45,adabelief,16,0.1,A2-bias-he,35,25,early_stopping,0.4381573418576363
regression,45,adabelief,64,0.1,A2-bias-he,30,20,early_stopping,5.568765879660061
regression,45,adabelief,16,0.001,A2-bias-he,100,99,max_epochs,1.5628034968679008
regression,45,adabelief,64,0.001,A2-bias-he,100,100,max_epochs,6.092570949596043
regression,45,muon,16,0.1,A2-bias-he,38,28,early_stopping,4.460365798704789
regression,45,muon,64,0.1,A2-bias-he,67,57,early_stopping,1.2654469348669724
regression,45,muon,16,0.001,A2-bias-he,100,100,max_epochs,1.3766096111010397
regression,45,muon,64,0.001,A2-bias-he,100,100,max_epochs,8.728484080088409
regression,45,sgd,16,0.1,A2-bn,1,1,diverged,nan
regression,45,sgd,64,0.1,A2-bn,3,1,diverged,1849459.6672242992
regression,45,sgd,16,0.001,A2-bn,74,64,early_stopping,2.0827284999697753
regression,45,sgd,64,0.001,A2-bn,32,22,early_stopping,7.005377400299719
regression,45,momentum,16,0.1,A2-bn,30,17,early_stopping,8.895661496187197
regression,45,momentum,64,0.1,A2-bn,49,39,early_stopping,2.9810185658609574
regression,45,momentum,16,0.001,A2-bn,62,52,early_stopping,1.8767428272268585
regression,45,momentum,64,0.001,A2-bn,51,41,early_stopping,3.958532110618905
regression,45,adabelief,16,0.1,A2-bn,45,35,early_stopping,3.1165843331674403
regression,45,adabelief,64,0.1,A2-bn,64,54,early_stopping,1.8704020470250664
regression,45,adabelief,16,0.001,A2-bn,73,63,early_stopping,2.3920519398786704
regression,45,adabelief,64,0.001,A2-bn,100,90,max_epochs,1.2578929005906754
regression,45,muon,16,0.1,A2-bn,31,21,early_stopping,2.0869273831781303
regression,45,muon,64,0.1,A2-bn,33,23,early_stopping,1.9664741465140037
regression,45,muon,16,0.001,A2-bn,73,63,early_stopping,2.0270970254838323
regression,45,muon,64,0.001,A2-bn,100,100,max_epochs,2.9531240943566925
regression,45,sgd,16,0.1,A1-dropout,37,27,early_stopping,7.032070741235178
regression,45,sgd,64,0.1,A1-dropout,30,8,early_stopping,9.641369328104068
regression,45,sgd,16,0.001,A1-dropout,100,95,max_epochs,8.876633083015575
regression,45,sgd,64,0.001,A1-dropout,100,97,max_epochs,9.340456156218169
regression,45,momentum,16,0.1,A1-dropout,79,69,early_stopping,3.6401525821700327
regression,45,momentum,64,0.1,A1-dropout,93,83,early_stopping,6.608051166490667
regression,45,momentum,16,0.001,A1-dropout,100,97,max_epochs,8.890554279981947
regression,45,momentum,64,0.001,A1-dropout,100,98,max_epochs,9.337973852468762
regression,45,adabelief,16,0.1,A1-dropout,51,41,early_stopping,3.4444703414082904
regression,45,adabelief,64,0.1,A1-dropout,97,87,early_stopping,3.9036189578588134
regression,45,adabelief,16,0.001,A1-dropout,100,100,max_epochs,8.806160428985669
regression,45,adabelief,64,0.001,A1-dropout,100,100,max_epochs,9.305785353745797
regression,45,muon,16,0.1,A1-dropout,67,57,early_stopping,1.8886159685742923
regression,45,muon,64,0.1,A1-dropout,49,39,early_stopping,4.165497845286426
regression,45,muon,16,0.001,A1-dropout,100,100,max_epochs,329.24049070526223
regression,45,muon,64,0.001,A1-dropout,100,100,max_epochs,520.1348632980554
regression,45,sgd,16,0.1,A2-bn-dropout,1,1,diverged,nan
regression,45,sgd,64,0.1,A2-bn-dropout,1,1,diverged,nan
regression,45,sgd,16,0.001,A2-bn-dropout,33,23,early_stopping,9.183922272633747
regression,45,sgd,64,0.001,A2-bn-dropout,32,22,early_stopping,9.026592506645606
regression,45,momentum,16,0.1,A2-bn-dropout,30,7,early_stopping,11.654046980464393
regression,45,momentum,64,0.1,A2-bn-dropout,30,15,early_stopping,9.04450014851597
regression,45,momentum,16,0.001,A2-bn-dropout,30,17,early_stopping,8.292284216410183
regression,45,momentum,64,0.001,A2-bn-dropout,34,24,early_stopping,9.404721454004434
regression,45,adabelief,16,0.1,A2-bn-dropout,47,37,early_stopping,7.604260168975237
regression,45,adabelief,64,0.1,A2-bn-dropout,30,11,early_stopping,9.17216534922821
regression,45,adabelief,16,0.001,A2-bn-dropout,30,14,early_stopping,8.96462138353165
regression,45,adabelief,64,0.001,A2-bn-dropout,52,42,early_stopping,8.826908631443288
regression,45,muon,16,0.1,A2-bn-dropout,33,23,early_stopping,8.256499173265452
regression,45,muon,64,0.1,A2-bn-dropout,30,9,early_stopping,9.634542318510666
regression,45,muon,16,0.001,A2-bn-dropout,88,78,early_stopping,7.05132620290325
regression,45,muon,64,0.001,A2-bn-dropout,100,98,max_epochs,15.684094159551941
regression,45,sgd,16,0.1,A2-clip,37,27,early_stopping,84.90501316941695
regression,45,sgd,64,0.1,A2-clip,30,6,early_stopping,79.36773461228636
regression,45,sgd,16,0.001,A2-clip,54,44,early_stopping,9.024333734531266
regression,45,sgd,64,0.001,A2-clip,100,90,max_epochs,8.82251916469221
regression,45,momentum,16,0.1,A2-clip,30,6,early_stopping,13.776683083423611
regression,45,momentum,64,0.1,A2-clip,30,7,early_stopping,10.931322329879396
regression,45,momentum,16,0.001,A2-clip,59,49,early_stopping,9.03027055128065
regression,45,momentum,64,0.001,A2-clip,91,81,early_stopping,9.02421185583541
regression,45,adabelief,16,0.1,A2-clip,30,16,early_stopping,11.013723408273634
regression,45,adabelief,64,0.1,A2-clip,41,31,early_stopping,11.392047924095685
regression,45,adabelief,16,0.001,A2-clip,37,27,early_stopping,9.007367761243207
regression,45,adabelief,64,0.001,A2-clip,100,91,max_epochs,8.661698978107548
regression,45,muon,16,0.1,A2-clip,30,15,early_stopping,9.303236864091458
regression,45,muon,64,0.1,A2-clip,39,29,early_stopping,4.638527414394564
regression,45,muon,16,0.001,A2-clip,100,100,max_epochs,8.457533332898434
regression,45,muon,64,0.001,A2-clip,100,100,max_epochs,461.38850927529955
regression,46,sgd,16,0.1,A1,44,34,early_stopping,10.058628497969474
regression,46,sgd,64,0.1,A1,30,20,early_stopping,13.855900080211683
regression,46,sgd,16,0.001,A1,100,97,max_epochs,8.50557717799324
regression,46,sgd,64,0.001,A1,93,83,early_stopping,10.531438681710721
regression,46,momentum,16,0.1,A1,100,96,max_epochs,0.5763694079574696
regression,46,momentum,64,0.1,A1,100,99,max_epochs,4.228063936187629
regression,46,momentum,16,0.001,A1,96,86,early_stopping,8.608384314880622
regression,46,momentum,64,0.001,A1,100,100,max_epochs,10.290199541856323
regression,46,adabelief,16,0.1,A1,100,95,max_epochs,0.39827570619255404
regression,46,adabelief,64,0.1,A1,100,100,max_epochs,1.0555005587018476
regression,46,adabelief,16,0.001,A1,65,55,early_stopping,8.399804591044422
regression,46,adabelief,64,0.001,A1,100,100,max_epochs,8.790604680901245
regression,46,muon,16,0.1,A1,52,42,early_stopping,0.3916843861897007
regression,46,muon,64,0.1,A1,100,97,max_epochs,0.3563681163985057
regression,46,muon,16,0.001,A1,100,100,max_epochs,312.82235669293914
regression,46,muon,64,0.001,A1,100,100,max_epochs,502.12576076336296
regression,46,sgd,16,0.1,A2,30,1,early_stopping,576.8521435064935
regression,46,sgd,64,0.1,A2,30,1,early_stopping,576.8521435064935
regression,46,sgd,16,0.001,A2,89,79,early_stopping,3.145467315651726
regression,46,sgd,64,0.001,A2,35,25,early_stopping,7.428489023991723
regression,46,momentum,16,0.1,A2,30,1,early_stopping,576.8521435064935
regression,46,momentum,64,0.1,A2,30,2,early_stopping,576.8521435064935
regression,46,momentum,16,0.001,A2,39,29,early_stopping,6.9369756033560845
regression,46,momentum,64,0.001,A2,47,37,early_stopping,7.304858036041867
regression,46,adabelief,16,0.1,A2,54,44,early_stopping,1.19263943715923
regression,46,adabelief,64,0.1,A2,72,62,early_stopping,1.689318961724179
regression,46,adabelief,16,0.001,A2,100,100,max_epochs,3.2026114001356616
regression,46,adabelief,64,0.001,A2,90,80,early_stopping,7.8303524684153185
regression,46,muon,16,0.1,A2,30,13,early_stopping,4.7039894578192945
regression,46,muon,64,0.1,A2,44,34,early_stopping,3.7572581377812697
regression,46,muon,16,0.001,A2,100,100,max_epochs,8.587498452487793
regression,46,muon,64,0.001,A2,100,100,max_epochs,481.81228487764037
regression,46,sgd,16,0.1,A2-bias,1,1,diverged,nan
regression,46,sgd,64,0.1,A2-bias,1,1,diverged,nan
regression,46,sgd,16,0.001,A2-bias,100,95,max_epochs,1.8297494539087509
regression,46,sgd,64,0.001,A2-bias,38,28,early_stopping,6.864644267845971
regression,46,momentum,16,0.1,A2-bias,2,1,diverged,3.2739238800839865e+219
regression,46,momentum,64,0.1,A2-bias,3,2,diverged,86.51526202283443
regression,46,momentum,16,0.001,A2-bias,100,99,max_epochs,2.2279809519674543
regression,46,momentum,64,0.001,A2-bias,64,54,early_stopping,6.426854591661396
regression,46,adabelief,16,0.1,A2-bias,34,24,early_stopping,1.8805898577098714
regression,46,adabelief,64,0.1,A2-bias,90,80,early_stopping,0.7384371990196603
regression,46,adabelief,16,0.001,A2-bias,100,99,max_epochs,2.75995500311236
regression,46,adabelief,64,0.001,A2-bias,100,93,max_epochs,7.340893045953836
regression,46,muon,16,0.1,A2-bias,39,29,early_stopping,7.667862056729066
regression,46,muon,64,0.1,A2-bias,38,28,early_stopping,2.2658013329533806
regression,46,muon,16,0.001,A2-bias,100,100,max_epochs,5.539416952858498
regression,46,muon,64,0.001,A2-bias,100,100,max_epochs,68.70497521046494
regression,46,sgd,16,0.1,A2-he,1,1,diverged,nan
regression,46,sgd,64,0.1,A2-he,1,1,diverged,nan
regression,46,sgd,16,0.001,A2-he,100,95,max_epochs,3.191625144407526
regression,46,sgd,64,0.001,A2-he,62,52,early_stopping,8.304531306779998
regression,46,momentum,16,0.1,A2-he,30,1,early_stopping,576.8521435064935
regression,46,momentum,64,0.1,A2-he,30,1,early_stopping,576.8521435064935
regression,46,momentum,16,0.001,A2-he,100,95,max_epochs,3.742398781462567
regression,46,momentum,64,0.001,A2-he,100,99,max_epochs,6.494387356625544
regression,46,adabelief,16,0.1,A2-he,54,44,early_stopping,1.1982099748096178
regression,46,adabelief,64,0.1,A2-he,65,55,early_stopping,1.6753504013606215
regression,46,adabelief,16,0.001,A2-he,100,100,max_epochs,2.112193080548016
regression,46,adabelief,64,0.001,A2-he,100,100,max_epochs,6.762345758713424
regression,46,muon,16,0.1,A2-he,49,39,early_stopping,4.857304907426303
regression,46,muon,64,0.1,A2-he,31,21,early_stopping,5.348932282199797
regression,46,muon,16,0.001,A2-he,100,100,max_epochs,4.79381389552822
regression,46,muon,64,0.001,A2-he,100,100,max_epochs,158.0145272687741
regression,46,sgd,16,0.1,A2-bias-he,1,1,diverged,nan
regression,46,sgd,64,0.1,A2-bias-he,37,27,early_stopping,90.70843098125938
regression,46,sgd,16,0.001,A2-bias-he,100,100,max_epochs,1.7809528311897855
regression,46,sgd,64,0.001,A2-bias-he,100,95,max_epochs,5.6944388446220335
regression,46,momentum,16,0.1,A2-bias-he,1,1,diverged,nan
regression,46,momentum,64,0.1,A2-bias-he,2,1,diverged,2.298261968615787e+152
regression,46,momentum,16,0.001,A2-bias-he,100,100,max_epochs,2.708113998714537
regression,46,momentum,64,0.001,A2-bias-he,100,100,max_epochs,5.836316506348982
regression,46,adabelief,16,0.1,A2-bias-he,40,30,early_stopping,1.2430526369477517
regression,46,adabelief,64,0.1,A2-bias-he,57,47,early_stopping,0.6510506366391804
regression,46,adabelief,16,0.001,A2-bias-he,100,100,max_epochs,1.4828928201688312
regression,46,adabelief,64,0.001,A2-bias-he,100,100,max_epochs,5.585664234529367
regression,46,muon,16,0.1,A2-bias-he,33,23,early_stopping,5.564165135147343
regression,46,muon,64,0.1,A2-bias-he,47,37,early_stopping,2.266189537907342
regression,46,muon,16,0.001,A2-bias-he,100,100,max_epochs,0.7230939307373774
regression,46,muon,64,0.001,A2-bias-he,100,100,max_epochs,14.891356253539405
regression,46,sgd,16,0.1,A2-bn,1,1,diverged,inf
regression,46,sgd,64,0.1,A2-bn,2,1,diverged,1.965404761123401e+276
regression,46,sgd,16,0.001,A2-bn,46,36,early_stopping,2.1199597900970963
regression,46,sgd,64,0.001,A2-bn,64,54,early_stopping,2.047725351485962
regression,46,momentum,16,0.1,A2-bn,36,26,early_stopping,2.999644778817692
regression,46,momentum,64,0.1,A2-bn,30,10,early_stopping,7.572791304764471
regression,46,momentum,16,0.001,A2-bn,45,35,early_stopping,2.533573112432494
regression,46,momentum,64,0.001,A2-bn,77,67,early_stopping,1.5583026721700854
regression,46,adabelief,16,0.1,A2-bn,31,21,early_stopping,3.7903406239407462
regression,46,adabelief,64,0.1,A2-bn,80,70,early_stopping,1.0845344551898974
regression,46,adabelief,16,0.001,A2-bn,44,34,early_stopping,2.3564270163719234
regression,46,adabelief,64,0.001,A2-bn,43,33,early_stopping,3.558423003380437
regression,46,muon,16,0.1,A2-bn,40,30,early_stopping,3.540726817505969
regression,46,muon,64,0.1,A2-bn,45,35,early_stopping,1.4356063776708263
regression,46,muon,16,0.001,A2-bn,75,65,early_stopping,1.6490729026504405
regression,46,muon,64,0.001,A2-bn,100,100,max_epochs,6.247918915888768
regression,46,sgd,16,0.1,A1-dropout,30,9,early_stopping,9.522768883669107
regression,46,sgd,64,0.1,A1-dropout,42,32,early_stopping,8.573469938115062
regression,46,sgd,16,0.001,A1-dropout,89,79,early_stopping,8.395148795919095
regression,46,sgd,64,0.001,A1-dropout,94,84,early_stopping,10.243518492228405
regression,46,momentum,16,0.1,A1-dropout,69,59,early_stopping,4.125656030399505
regression,46,momentum,64,0.1,A1-dropout,30,12,early_stopping,9.171061242470097
regression,46,momentum,16,0.001,A1-dropout,71,61,early_stopping,8.842986969323476
regression,46,momentum,64,0.001,A1-dropout,96,86,early_stopping,10.216777195331021
regression,46,adabelief,16,0.1,A1-dropout,47,37,early_stopping,3.4926285847164746
regression,46,adabelief,64,0.1,A1-dropout,78,68,early_stopping,3.512211739661437
regression,46,adabelief,16,0.001,A1-dropout,71,61,early_stopping,8.271456738934589
regression,46,adabelief,64,0.001,A1-dropout,100,100,max_epochs,8.863636621972924
regression,46,muon,16,0.1,A1-dropout,37,27,early_stopping,2.5427110436963143
regression,46,muon,64,0.1,A1-dropout,83,73,early_stopping,1.869912118524855
regression,46,muon,16,0.001,A1-dropout,100,100,max_epochs,312.6674663070118
regression,46,muon,64,0.001,A1-dropout,100,100,max_epochs,502.1466691498018
regression,46,sgd,16,0.1,A2-bn-dropout,1,1,diverged,nan
regression,46,sgd,64,0.1,A2-bn-dropout,1,1,diverged,inf
regression,46,sgd,16,0.001,A2-bn-dropout,76,66,early_stopping,4.026143334313166
regression,46,sgd,64,0.001,A2-bn-dropout,31,21,early_stopping,8.023525385972096
regression,46,momentum,16,0.1,A2-bn-dropout,30,12,early_stopping,12.513031188789126
regression,46,momentum,64,0.1,A2-bn-dropout,30,8,early_stopping,10.93542786455276
regression,46,momentum,16,0.001,A2-bn-dropout,89,79,early_stopping,3.834435247185229
regression,46,momentum,64,0.001,A2-bn-dropout,42,32,early_stopping,6.260895733222834
regression,46,adabelief,16,0.1,A2-bn-dropout,31,21,early_stopping,6.405264895543009
regression,46,adabelief,64,0.1,A2-bn-dropout,42,32,early_stopping,5.012437530262702
regression,46,adabelief,16,0.001,A2-bn-dropout,42,32,early_stopping,6.080299015978358
regression,46,adabelief,64,0.001,A2-bn-dropout,56,46,early_stopping,5.438726523773057
regression,46,muon,16,0.1,A2-bn-dropout,33,23,early_stopping,6.999790907262355
regression,46,muon,64,0.1,A2-bn-dropout,52,42,early_stopping,4.837824627231308
regression,46,muon,16,0.001,A2-bn-dropout,96,86,early_stopping,3.753611610248449
regression,46,muon,64,0.001,A2-bn-dropout,100,100,max_epochs,16.97105981837132
regression,46,sgd,16,0.1,A2-clip,31,21,early_stopping,87.23967160010754
regression,46,sgd,64,0.1,A2-clip,36,26,early_stopping,63.71098902334929
regression,46,sgd,16,0.001,A2-clip,38,28,early_stopping,7.057769439598757
regression,46,sgd,64,0.001,A2-clip,89,79,early_stopping,6.905281297006434
regression,46,momentum,16,0.1,A2-clip,30,16,early_stopping,8.724032401936185
regression,46,momentum,64,0.1,A2-clip,32,22,early_stopping,8.430793210851455
regression,46,momentum,16,0.001,A2-clip,100,96,max_epochs,5.478704176446785
regression,46,momentum,64,0.001,A2-clip,90,80,early_stopping,7.017113755085481
regression,46,adabelief,16,0.1,A2-clip,54,44,early_stopping,6.656316621139742
regression,46,adabelief,64,0.1,A2-clip,61,51,early_stopping,6.06846024957986
regression,46,adabelief,16,0.001,A2-clip,85,75,early_stopping,3.386720235348187
regression,46,adabelief,64,0.001,A2-clip,61,51,early_stopping,7.458500130922358
regression,46,muon,16,0.1,A2-clip,30,20,early_stopping,8.904015933661166
regression,46,muon,64,0.1,A2-clip,31,21,early_stopping,4.623867708569948
regression,46,muon,16,0.001,A2-clip,100,100,max_epochs,8.551308276385823
regression,46,muon,64,0.001,A2-clip,100,100,max_epochs,481.78227729954574
